Nome Científico;Nome Popular;Família;abr;fqr;dor;vcmr;biomr;usor
Geissospermum sericeum;Quinarana;Apocynaceae;2,33;1,37;6,06;4,55;6,57;0,49
Endopleura uchi;Uxí pucu;Humiriaceae;0,78;0,83;1,31;1,34;1,36;0,49
Goupia glabra;Cupiúba;Celastraceae;0,49;0,60;2,32;2,61;2,67;0,49
Astronium gracile;Muiracatiara;Anacardiaceae;0,33;0,48;0,56;2,33;0,60;0,49
Manilkara amazonica;Maparajuba;Sapotaceae;0,30;0,43;0,55;1,77;0,58;0,49
Hymenaea courbaril;Jatobá;Caesalpiniaceae;0,18;0,27;0,55;2,23;0,61;1,97
Dipteryx odorata;Cumarú;Fabaceae;0,18;0,29;1,10;3,54;1,28;0,49
Hymenaea parvifolia;Jutaí vermelho;Caesalpiniaceae;0,12;0,19;0,46;1,84;0,51;1,48
Oenocarpus bacaba;Bacaba;Arecaceae;2,00;1,22;0,75;0,00;0,55;0,99
Hevea guianensis;Seringa itaúba;Euphorbiaceae;1,26;1,12;2,25;0,00;2,34;0,49
Virola michelii;Ucuúba preta;Myristicaceae;0,63;0,79;0,85;0,00;0,87;0,49
Ecclinusa guianensis;Abiu balatinha;Sapotaceae;0,60;0,63;1,09;1,17;1,14;0,49
Apeiba echinata;Pente de macaco;Tiliaceae;0,28;0,36;0,52;0,55;0,55;0,49
Iryanthera lancifolia;Ucuúba vermelha;Myristicaceae;0,26;0,33;0,61;0,77;0,67;0,49
Trattinnickia rhoifolia;Breu sucuruba;Burseraceae;0,17;0,22;0,76;0,91;0,88;0,49
Tabebuia impetiginosa;Ipê roxo;Bignoniaceae;0,02;0,03;0,19;1,92;0,23;0,99
Protium tenuifolium;Breu preto;Burseraceae;0,72;0,74;0,54;0,43;0,50;0,49
Protium apiculatum;Breu grande;Burseraceae;1,13;0,85;0,47;0,33;0,36;0,99
Protium hebetatum;Breu casca vermelha;Burseraceae;0,60;0,68;0,23;0,17;0,17;0,49
Duguetia echinophora;Envira surucucú;Annonaceae;0,57;0,60;0,30;0,00;0,25;0,49
Guatteria poeppigiana;Envira preta cheirosa;Annonaceae;0,56;0,48;0,30;0,30;0,26;0,49
Pouteria lasiocarpa;Abiu seco;Sapotaceae;0,56;0,61;0,42;0,80;0,39;0,49
Calyptranthes bipennis;Cumatê preto;Myrtaceae;0,56;0,55;0,25;0,00;0,19;0,49
Ocotea caudata;Louro preto;Lauraceae;0,52;0,61;0,32;0,67;0,29;0,49
Virola calophylla;Ucuúba fl. amarela;Myristicaceae;0,49;0,60;0,26;0,00;0,22;0,49
Licania heteromorpha;Macucú vermelho;Chrysobalanaceae;0,44;0,59;0,32;0,32;0,29;0,49
Franchetella gongrijpii;Abiurana vermelha;Sapotaceae;0,39;0,41;0,31;0,30;0,29;0,49
Tetragastris panamensis;Barrotinho;Burseraceae;0,39;0,46;0,21;0,15;0,18;0,49
Xylopia nitida;Envira cana;Annonaceae;0,39;0,47;0,32;0,00;0,30;0,49
Guatteria umbonata;Envira preta fl. média;Annonaceae;0,38;0,38;0,19;0,19;0,15;0,49
Protium paniculatum;Breu amarelo;Burseraceae;0,28;0,33;0,32;0,16;0,34;0,49
Aniba canelila;Casca preciosa;Lauraceae;0,25;0,35;0,33;0,00;0,33;0,99
Sterculia speciosa;Capoteiro;Sterculiaceae;0,24;0,35;0,13;0,12;0,11;0,49
Cecropia sciadophylla;Imbaúba torém;Cecropiaceae;0,62;0,26;0,33;0,00;0,27;0,99
Theobroma speciosum;Cacauí;Sterculiaceae;0,23;0,30;0,04;0,00;0,02;0,49
Inga thibaudiana;Ingá roceiro;Mimosaceae;0,23;0,27;0,08;0,06;0,06;0,49
Cordia exaltata;Freijó branco fl. grande;Boraginaceae;0,22;0,26;0,12;0,31;0,10;0,49
Brosimum rubescens;Muirapiranga;Moraceae;0,21;0,30;0,42;0,48;0,46;0,49
Pourouma guianensis;Imbaúba benguê;Cecropiaceae;0,20;0,26;0,15;0,14;0,14;0,49
Vismia guianensis;Lacre;Clusiaceae;0,19;0,17;0,07;0,00;0,05;0,99
Ecclinusa ramiflora;Balatarana;Sapotaceae;0,19;0,26;0,19;0,20;0,19;0,49
Jacaranda copaia;Parapará;Bignoniaceae;0,19;0,29;0,17;0,21;0,16;0,49
Inga alba;Ingá xixica;Mimosaceae;0,18;0,24;0,26;0,25;0,26;0,99
Aniba guianensis;Louro amarelo;Lauraceae;0,17;0,25;0,15;0,00;0,15;0,49
Protium spruceanum;Breu querosene;Burseraceae;0,17;0,23;0,07;0,00;0,06;0,49
Eschweilera pedicellata;Matamatá casca fina;Lecythidaceae;0,17;0,21;0,05;0,04;0,04;0,49
Guarea trichilioides;Jataúba;Meliaceae;0,16;0,20;0,05;0,03;0,03;0,49
Clarisia racemosa;Guariúba;Moraceae;0,15;0,24;0,38;0,45;0,41;0,49
Pouteria melanopoda;Abiu amarelo;Sapotaceae;0,13;0,16;0,10;0,18;0,09;0,49
Swartzia recurva;Pé d'anta;Fabaceae;0,13;0,20;0,36;0,33;0,40;0,49
Cordia bicolor;Freijó branco;Boraginaceae;0,13;0,16;0,10;0,41;0,10;0,49
Stryphnodendron polystachyum;Tachirana;Mimosaceae;0,13;0,21;0,13;0,14;0,13;0,49
Lecythis idatimon;Jatereua;Lecythidaceae;0,13;0,15;0,05;0,05;0,04;0,49
Ocotea canaliculata;Louro pimenta;Lauraceae;0,13;0,21;0,10;0,22;0,10;0,49
Ambelania acida;Pepino do mato;Apocynaceae;0,11;0,17;0,04;0,00;0,03;0,99
Dialium guianense;Jutaí pororoca;Caesalpiniaceae;0,11;0,17;0,30;0,32;0,33;1,97
Licaria brasiliensis;Louro arituzinho;Lauraceae;0,10;0,14;0,10;0,18;0,10;1,48
Andira surinamensis;Uxí de morcego;Fabaceae;0,07;0,10;0,18;0,49;0,20;0,99
Tetragastris altissima;Breu mescla;Burseraceae;0,07;0,11;0,19;0,27;0,21;0,99
Bellucia grossularioides;Muúba;Melastomataceae;0,06;0,07;0,03;0,00;0,02;0,99
Glycydendron amazonicum;Pau doce;Euphorbiaceae;0,05;0,08;0,09;0,00;0,10;0,99
Lecythis lurida;Jarana;Lecythidaceae;0,04;0,05;0,11;0,16;0,12;0,99
Syzygiopsis oppositifolia;Abiu ucuubarana;Sapotaceae;0,04;0,07;0,06;0,05;0,06;0,99
Iryanthera laevis;Ucuubarana fl. miúda;Myristicaceae;0,02;0,03;0,02;0,03;0,02;0,99
Micropholis acutangula;Abiu casca seca;Sapotaceae;0,02;0,03;0,01;0,01;0,01;0,99
Anacardium parvifolium;Cajuí vermelho;Anacardiaceae;0,02;0,02;0,03;0,04;0,03;0,99
Licaria guianensis;Louro fl. média;Lauraceae;0,01;0,02;0,02;0,04;0,02;0,99
Cedrela odorata;Cedro;Meliaceae;0,01;0,00;0,09;0,45;0,11;0,99
Lecythis zabucajo;Sapucaia fl. grande;Lecythidaceae;0,01;0,01;0,01;0,01;0,01;0,99
Virola surinamensis;Ucuúba do igapó;Myristicaceae;0,00;0,00;0,00;0,00;0,00;0,99
Virola theiodora;Ucuúba de sangue;Myristicaceae;0,00;0,00;0,00;0,00;0,00;0,99
Eschweilera amazonica;Matamatá-cí fl. grande;Lecythidaceae;2,91;1,33;1,64;1,52;1,41;0,00
Eschweilera coriacea;Matamatá branco;Lecythidaceae;2,64;1,35;3,37;3,25;3,42;0,00
Eschweilera grandiflora;Matamatá levemente vermelho;Lecythidaceae;1,94;1,23;1,56;1,43;1,47;0,00
Pouteria prancei;Abiu acariquara;Sapotaceae;1,04;0,89;1,07;2,13;1,07;0,00
Pouteria krukovii;Abiu cramuri;Sapotaceae;0,84;0,73;0,70;1,32;0,65;0,00
Pouteria jariensis;Abiurana seco fl. grande;Sapotaceae;0,67;0,67;0,66;1,31;0,67;0,00
Pouteria pachycarpa;Abiu casca grossa;Sapotaceae;0,44;0,37;0,89;2,18;0,94;0,00
Pouteria anomala;Abiu rosadinho;Sapotaceae;0,41;0,50;0,66;1,29;0,69;0,00
Parkia multijuga;Paricá grande;Mimosaceae;0,27;0,38;1,31;1,79;1,51;0,00
Dipteryx magnifica;Cumarú rosa;Fabaceae;0,22;0,30;1,56;4,44;1,85;0,00
Dinizia excelsa;Angelim vermelho;Mimosaceae;0,08;0,13;1,36;5,12;1,67;0,00
Rinorea riana;Canela de jacamim;Violaceae;8,95;1,28;2,15;0,00;1,39;0,00
Rinorea guianensis;Acariquarana;Violaceae;1,00;0,35;0,70;0,00;0,63;0,00
Minquartia guianensis;Acariquara;Olacaceae;0,82;0,84;1,47;1,25;1,53;0,00
Pouteria guianensis;Abiu branco;Sapotaceae;0,74;0,81;0,95;0,96;0,95;0,00
Candeleodendron viridiflora;Gombeira;Fabaceae;0,57;0,65;0,56;0,00;0,55;0,00
Pouteria filipes;Abiu fl. prateada;Sapotaceae;0,45;0,42;0,55;0,00;0,55;0,00
Pouteria eugeniifolia;Abiu farinha seca;Sapotaceae;0,43;0,49;0,71;0,00;0,74;0,00
Laetia procera;Pau jacaré;Flacourtiaceae;0,38;0,49;0,76;0,91;0,80;0,00
Lecythis prancei;Jarana amarela;Lecythidaceae;0,34;0,45;0,56;0,00;0,58;0,00
Pseudopiptadenia suaveolens;Timborana;Mimosaceae;0,27;0,39;0,86;0,00;0,97;0,00
Chimarrhis turbinata;Pau de remo;Rubiaceae;0,26;0,37;0,63;0,73;0,70;0,00
Swartzia polyphylla;Pitaíca;Fabaceae;0,22;0,33;0,65;0,62;0,73;0,00
Vantanea parviflora;Parurú;Humiriaceae;0,21;0,31;0,69;0,00;0,76;0,00
Licania impressa;Cariperana fl. amarela grande;Chrysobalanaceae;0,25;0,16;0,68;0,77;0,75;0,00
Cariniana decandra;Tauari cocô;Lecythidaceae;0,14;0,19;0,71;0,00;0,82;0,00
Aspidosperma auriculatum;Carapanaúba;Apocynaceae;0,06;0,09;0,56;0,78;0,66;0,00
Caryocar glabrum;Piquiarana;Caryocaraceae;0,11;0,17;0,44;0,51;0,51;0,00
Tabebuia serratifolia;Ipê amarelo;Bignoniaceae;0,10;0,15;0,22;1,71;0,24;0,49
Hymenaea intermedia;Jutaí mirim;Caesalpiniaceae;0,08;0,14;0,36;1,55;0,41;0,00
Rinorea racemosa;Jacamim branco;Violaceae;3,26;1,20;0,72;0,00;0,44;0,00
Croton trombetensis;Pau de índio;Euphorbiaceae;1,00;0,72;0,50;0,00;0,41;0,00
Couepia longipendula;Castanha de galinha;Chrysobalanaceae;0,80;0,80;0,53;0,45;0,47;0,00
Brosimum guianense;Janitá;Moraceae;0,37;0,45;0,48;0,50;0,49;0,00
Croton lanjouwensis;Gaivotinha;Euphorbiaceae;0,65;0,32;0,38;0,00;0,33;0,00
Mabea angularis;Seringaí fl. grande;Euphorbiaceae;0,63;0,50;0,17;0,00;0,11;0,00
Theobroma glaucum;Cacaurana;Sterculiaceae;0,57;0,63;0,14;0,00;0,11;0,00
Licania octandra;Caripé;Chrysobalanaceae;0,56;0,63;0,27;0,19;0,22;0,00
Pouteria macrophylla;Abiu cutite;Sapotaceae;0,54;0,61;0,46;0,88;0,44;0,00
Guatteria olivacea;Envira preta fl. grande;Annonaceae;0,52;0,48;0,30;0,32;0,26;0,00
Quararibea guianensis;Inajarana;Bombacaceae;0,47;0,56;0,17;0,00;0,13;0,00
Pouteria minutiflora;Abiu vermelho fl. miúda;Sapotaceae;0,44;0,44;0,37;0,76;0,35;0,00
Bocageopsis multiflora;Turí vermelho fl. média;Annonaceae;0,42;0,55;0,23;0,00;0,19;0,00
Inga rubiginosa;Ingá fl. peluda;Mimosaceae;0,41;0,53;0,23;0,20;0,20;0,00
Inga microcalyx;Ingá vermelho;Mimosaceae;0,39;0,43;0,31;0,27;0,28;0,00
Onychopetalum amazonicum;Envira condurú;Annonaceae;0,39;0,43;0,26;0,28;0,23;0,00
Eugenia flavescens;Goiabinha casca preta;Myrtaceae;0,39;0,41;0,17;0,11;0,14;0,00
Casearia javitensis;Matacaladorana;Flacourtiaceae;0,37;0,49;0,12;0,07;0,09;0,00
Ptychopetalum uncinatum;Muirapuãma fl. grande;Olacaceae;0,37;0,32;0,11;0,00;0,07;0,00
Pouteria egleri;Abiu rosadinho fl. verde;Sapotaceae;0,37;0,38;0,23;0,00;0,20;0,00
Unonopsis duckei;Turi preto;Annonaceae;0,35;0,38;0,13;0,00;0,10;0,00
Unonopsis rufescens;Envira turi preta;Annonaceae;0,35;0,35;0,19;0,00;0,17;0,00
Sclerolobium chrysophyllum;Tachi fl. amarela;Caesalpiniaceae;0,34;0,41;0,30;0,36;0,29;0,00
Zygia racemosa;Angelim rajado;Mimosaceae;0,33;0,34;0,22;0,20;0,20;0,00
Marmaroxylon racemosum;Angelim rajado;Fabaceae;0,33;0,41;0,23;0,21;0,21;0,00
Cordia umbraculifera;Freijó fl. grande;Boraginaceae;0,29;0,34;0,10;0,23;0,07;0,00
Swartzia racemosa;Gombeira preta;Fabaceae;0,29;0,32;0,26;0,26;0,25;0,00
Simaba polyphylla;Marupaí;Simaroubaceae;0,29;0,40;0,12;0,00;0,10;0,00
Micropholis williamii;Mangabarana fl. peluda;Sapotaceae;0,29;0,32;0,10;0,06;0,07;0,00
Eugenia brachypoda;Goiabinha vermelha;Myrtaceae;0,28;0,37;0,08;0,05;0,05;0,00
Maquira sclerophylla;Muiratinga chorona;Moraceae;0,28;0,39;0,39;0,42;0,40;0,00
Poecilanthe effusa;Gema de ovo;Fabaceae;0,27;0,35;0,06;0,03;0,04;0,00
Maquira guianensis;Muiratinga;Moraceae;0,27;0,39;0,24;0,18;0,22;0,00
Ocotea glomerata;Louro abacate;Lauraceae;0,26;0,36;0,24;0,59;0,23;0,00
Duroia macrophylla;Puruí fl. grande;Rubiaceae;0,26;0,34;0,30;0,00;0,31;0,00
Myrciaria floribunda;Goiabinha casca lisa;Myrtaceae;0,26;0,33;0,13;0,00;0,11;0,00
Licaria rigida;Louro ferro;Lauraceae;0,25;0,35;0,36;0,75;0,37;0,00
Dulacia candida;Cachaceiro;Olacaceae;0,25;0,31;0,17;0,00;0,15;0,00
Paypayrola grandiflora;Jacaminrana;Violaceae;0,24;0,32;0,12;0,00;0,10;0,00
Mouriri callocarpa;Miraúba fl. média;Melastomataceae;0,22;0,32;0,25;0,19;0,24;0,00
Eugenia cupulata;Goiabinha fl. grande;Myrtaceae;0,22;0,31;0,06;0,04;0,04;0,00
Zygia cauliflora;Ingá jarandeua;Mimosaceae;0,55;0,27;0,17;0,00;0,11;0,00
Pouteria rostata;Abiurana escamosa;Sapotaceae;0,40;0,27;0,45;0,00;0,44;0,00
Pouteria philips;Abiu fl. prateada;Sapotaceae;0,37;0,29;0,35;0,00;0,34;0,00
Miconia mirabilis;Sapateira;Melastomataceae;0,32;0,22;0,16;0,00;0,14;0,00
Pouteria gongrijpii;Abiurana vermelha;Sapotaceae;0,30;0,28;0,35;0,00;0,35;0,00
Pouteria bangii;Abiu fl. pálida;Sapotaceae;0,29;0,30;0,24;0,42;0,22;0,00
Candolleodendron brachystachyum;Gombeira amarela;Fabaceae;0,26;0,27;0,15;0,00;0,13;0,00
Pouteria apeibocarpa;Abiurana fl. peluda;Sapotaceae;0,25;0,30;0,11;0,00;0,09;0,00
Pouteria reticulata;Guajará mole;Sapotaceae;0,24;0,30;0,41;0,92;0,43;0,00
Neoxythece opposita;Abiurana vermelha fl. grande;Sapotaceae;0,24;0,21;0,25;0,00;0,25;0,00
Pouteria heterosepala;Abiu fl. marrom;Sapotaceae;0,23;0,24;0,44;0,82;0,46;0,00
Guapira hirsuta;João mole fl. miúda;Nyctaginaceae;0,23;0,28;0,13;0,00;0,11;0,00
Ocotea cujumary;Louro canelado;Lauraceae;0,22;0,30;0,16;0,00;0,15;0,00
Tovomita speciosa;Mangueirana fl. grande;Clusiaceae;0,21;0,30;0,11;0,00;0,09;0,00
Siparuna cuspidata;Capitiú;Monimiaceae;0,21;0,24;0,04;0,00;0,03;0,00
Tachigali paniculata;Tachi do campo;Caesalpiniaceae;0,20;0,29;0,14;0,14;0,13;0,00
Pouteria cladantha;Abiurana vermelha fl. lisa;Sapotaceae;0,20;0,25;0,19;0,41;0,19;0,00
Pouteria procera;Abiu maçarandubinha;Sapotaceae;0,20;0,22;0,27;0,56;0,27;0,00
Micropholis egensis;Mangabarana fl. média;Sapotaceae;0,20;0,27;0,26;0,25;0,27;0,00
Pouteria decorticans;Abiu casca arepiada;Sapotaceae;0,20;0,24;0,09;0,16;0,08;0,00
Micropholis porphyrocarpa;Balatarana fl. miúda;Sapotaceae;0,20;0,21;0,08;0,00;0,06;0,00
Oenocarpus bataua var bataua;Patauá;Arecaceae;0,20;0,03;0,08;0,00;0,06;0,00
Casearia arborea;Sardinheira branca;Flacourtiaceae;0,20;0,29;0,09;0,06;0,07;0,00
Trichilia micrantha;Jatuá branco;Meliaceae;0,20;0,27;0,07;0,05;0,05;0,00
Pouteria crassiflora;Abiu murucí;Sapotaceae;0,19;0,27;0,10;0,18;0,09;0,00
Pouteria campanulata;Abiurana amarela;Sapotaceae;0,19;0,23;0,35;0,79;0,37;0,00
Pouteria resinifera;Abiu fl. marrom;Sapotaceae;0,19;0,17;0,33;0,00;0,34;0,00
Cassipourea guianensis;Cassiporé;Rhyzophoraceae;0,19;0,27;0,09;0,00;0,07;0,00
Sterculia pruriens;Axixá;Sterculiaceae;0,18;0,28;0,07;0,06;0,06;0,00
Eschweilera atropetiolata;Matamatá casca vermelha;Lecythidaceae;0,18;0,22;0,28;0,28;0,29;0,00
Lecythis holcogyne;Matamatá jarani;Lecythidaceae;0,18;0,22;0,33;0,00;0,35;0,00
Xylopia amazonica;Envira vassourinha;Annonaceae;0,18;0,24;0,07;0,00;0,05;0,00
Tapura amazonica;Pau de bicho;Dichapetalaceae;0,18;0,23;0,05;0,03;0,04;0,00
Micropholis guianensis;Rosadinho fl. grande;Sapotaceae;0,18;0,23;0,22;0,23;0,23;0,00
Pouteria anibiifolia;Abiu sucuúba;Sapotaceae;0,18;0,19;0,17;0,29;0,16;0,00
Mezilaurus duckei;Itaúba abacate;Lauraceae;0,18;0,26;0,34;0,00;0,36;0,00
Pouteria retinervis;Abiu vermelho seco;Sapotaceae;0,18;0,17;0,10;0,17;0,08;0,00
Pouteria petiolata;Abiu vermelho fl. comprida;Sapotaceae;0,17;0,18;0,14;0,00;0,13;0,00
Tachigali alba;Tachi pitomba;Caesalpiniaceae;0,17;0,23;0,17;0,19;0,17;0,00
Ptychopetalum olacoides;Muirapuãma;Olacaceae;0,17;0,21;0,05;0,00;0,04;0,00
Miconia pyrifolia;Tinteiro branco;Melastomataceae;0,17;0,17;0,05;0,00;0,03;0,00
Saccoglotis guianensis;Uxirana;Humiriaceae;0,16;0,23;0,24;0,24;0,24;0,00
Simarouba amara;Marupá;Simaroubaceae;0,16;0,23;0,17;0,18;0,17;0,00
Neoxythece cladantha;Abiu casca vermelha;Sapotaceae;0,16;0,21;0,13;0,00;0,12;0,00
Hebepetalum humirifolium;Linacea;Linaceae;0,16;0,20;0,06;0,00;0,05;0,00
Guarea carinata;Andirobarana fl. peluda;Meliaceae;0,16;0,20;0,04;0,00;0,03;0,00
Marlierea umbraticola;Goiabinha fl. miúda;Myrtaceae;0,16;0,23;0,11;0,00;0,10;0,00
Lindackeria paludosa;Canela de velha;Flacourtiaceae;0,16;0,21;0,05;0,03;0,03;0,00
Aspidosperma desmanthum;Araracanga preta;Apocynaceae;0,15;0,21;0,12;0,14;0,11;0,00
Licania kunthiana;Cariperana;Chrysobalanaceae;0,15;0,20;0,06;0,04;0,05;0,00
Nectandra pulverulenta;Louro abacatinho;Lauraceae;0,15;0,21;0,24;0,00;0,25;0,00
Tapura guianensis;Pau de bicho;Dichapetalaceae;0,15;0,21;0,04;0,00;0,03;0,00
Chrysophyllum anomalum;Abiu rosadinho;Sapotaceae;0,14;0,19;0,15;0,14;0,15;0,00
Trichilia elegans;Jatuá vermelho;Meliaceae;0,14;0,17;0,03;0,02;0,02;0,00
Licania sp1;Axuá;Chrysobalanaceae;0,14;0,14;0,23;0,00;0,24;0,00
Ocotea longifolia ;Louro branco;Lauraceae;0,14;0,20;0,07;0,16;0,05;0,00
Alibertia edulis;Puruí;Rubiaceae;0,13;0,19;0,07;0,00;0,05;0,00
Conceveiba guianensis;Arraieira;Euphorbiaceae;0,13;0,20;0,08;0,00;0,07;0,00
Myrtiluma eugeniifolia;Abiu farinha seca;Sapotaceae;0,13;0,15;0,22;0,00;0,23;0,00
Matisia ochrocalyx;Inajarana;Bombacaceae;0,13;0,16;0,03;0,00;0,02;0,00
Vismia latifolia;Lacre vermelho;Clusiaceae;0,12;0,16;0,04;0,00;0,03;0,49
Calyptranthes macrophylla;Murta grande;Myrtaceae;0,12;0,19;0,05;0,00;0,03;0,00
Pausandra macropetala;Pau sandra;Euphorbiaceae;0,12;0,19;0,02;0,00;0,01;0,00
Mabea speciosa;Seringaí;Euphorbiaceae;0,12;0,09;0,10;0,00;0,09;0,00
Astronium lecointei;Aroeira;Anacardiaceae;0,12;0,18;0,19;0,66;0,20;0,49
Helicostylis tomentosa;Muiratinga mão de gato;Moraceae;0,12;0,17;0,12;0,11;0,11;0,49
Protium amazonicum;Breu gde. leite amarelo;Burseraceae;0,12;0,14;0,05;0,00;0,03;0,49
Miconia chrysophylla;Tinteiro vermelho fl. miúda;Melastomataceae;0,12;0,16;0,04;0,00;0,03;0,00
Miconia punctata;Maramará vermelho;Melastomataceae;0,12;0,15;0,04;0,00;0,03;0,00
Guarea silvatica;Fruta de porco;Meliaceae;0,12;0,17;0,04;0,03;0,03;0,00
Eschweilera micrantha;Matamatá-cí fl. miúda;Lecythidaceae;0,12;0,08;0,09;0,07;0,08;0,00
Guarea grandiflora;Andirobarana fl. grande;Meliaceae;0,12;0,16;0,04;0,00;0,03;0,00
Duguetia stelechantha;Bananinha fl. grande;Annonaceae;0,12;0,18;0,02;0,00;0,01;0,00
Inga brachystachys;Ingá dois pares;Mimosaceae;0,12;0,17;0,03;0,02;0,02;0,00
Mezilaurus lindawiana;Itaúba amarela;Lauraceae;0,11;0,15;0,31;0,31;0,34;0,00
Guapira venosa;João mole fl. grande;Nyctaginaceae;0,11;0,16;0,09;0,00;0,09;0,00
Matayba arborescens;Espetorana vermelha fl. grande;Sapindaceae;0,11;0,17;0,05;0,00;0,04;0,00
Micropholis venulosa;Abiu mangabinha;Sapotaceae;0,11;0,17;0,12;0,11;0,12;0,00
Licania alba;Cariperana fl. grande;Chrysobalanaceae;0,11;0,14;0,09;0,09;0,08;0,00
Licaria aritu;Louro aritú;Lauraceae;0,10;0,17;0,12;0,24;0,12;0,00
Mouriri duckeana;Miraúba fl. miúda;Melastomataceae;0,10;0,16;0,10;0,08;0,09;0,00
Eugenia belamitana;Goiabinha casca solta;Myrtaceae;0,10;0,14;0,09;0,07;0,09;0,00
Swartzia laxiflora;Pacapeuá fl. peluda;Fabaceae;0,10;0,17;0,04;0,00;0,04;0,00
Pouteria ramiflora;Abiu balatarana;Sapotaceae;0,10;0,13;0,06;0,11;0,06;0,00
Protium sagotianum;Breu preto fl. miúda;Burseraceae;0,10;0,14;0,10;0,10;0,10;0,49
Duckesia verrucosa;Uxí corôa;Humiriaceae;0,10;0,16;0,43;0,00;0,48;0,00
Duguetia trunciflora;Envira ata;Annonaceae;0,10;0,14;0,06;0,00;0,05;0,00
Protium opacum;Breu vermelho fl. peluda;Burseraceae;0,10;0,12;0,04;0,03;0,03;0,49
Luehea speciosa;Açoita cavalo;Tiliaceae;0,10;0,16;0,24;0,34;0,27;0,00
Helicostylis pedunculata;Muiratinga mão de gato fl. peluda;Moraceae;0,10;0,14;0,11;0,10;0,11;0,00
Licania egleri;Macucú de sangue;Chrysobalanaceae;0,10;0,14;0,07;0,08;0,07;0,00
Licania membranacea;Pintadinho fl. amarela;Chrysobalanaceae;0,10;0,13;0,06;0,06;0,06;0,00
Inga marginata;Ingá branco;Mimosaceae;0,10;0,12;0,02;0,02;0,01;0,00
Brosimum parinarioides;Amapá doce;Moraceae;0,09;0,13;0,43;0,54;0,49;0,49
Protium decandrum;Breu vermelho;Burseraceae;0,09;0,10;0,03;0,02;0,03;0,49
Roupala thomesiana;Louro faia;Proteaceae;0,09;0,13;0,29;0,00;0,33;0,00
Allophylus floribunda;Tarumã vermelho;Sapindaceae;0,09;0,16;0,03;0,00;0,02;0,00
Hymenolobium petraeum;Angelim aroeira;Fabaceae;0,09;0,14;0,36;0,79;0,41;0,00
Iryanthera juruensis;Ucuubarana fl. grande;Myristicaceae;0,09;0,13;0,15;0,17;0,15;0,00
Pouteria sp4;Abiurana casca laranja;Sapotaceae;0,09;0,08;0,17;0,00;0,18;0,00
Touroulia guianensis;Papo de mutúm fl. composta;Quiinaceae;0,09;0,14;0,04;0,00;0,03;0,00
Quiina florida;Papo de mutúm duas folhas;Quiinaceae;0,09;0,13;0,03;0,00;0,02;0,00
Lecythis pisonis;Sapucaia;Lecythidaceae;0,09;0,14;0,41;0,51;0,48;0,49
Licania brasiliense;Arituzinho;Chrysobalanaceae;0,09;0,14;0,19;0,00;0,21;0,00
Neea floribunda;João mole;Nyctaginaceae;0,09;0,14;0,07;0,00;0,07;0,00
Anaxagorea acuminata;Pindaúba amarela;Annonaceae;0,09;0,12;0,04;0,00;0,03;0,00
Guarea subsessilifolia;Jataúba mirim;Meliaceae;0,09;0,11;0,03;0,02;0,02;0,00
Licania unguiculata;Cariperana casca seca;Chrysobalanaceae;0,09;0,11;0,11;0,14;0,11;0,49
Aniba parviflora;Louro amarelo fl. grande;Lauraceae;0,09;0,12;0,08;0,00;0,08;0,00
Casearia decandra;Sardinheira;Flacourtiaceae;0,09;0,13;0,04;0,03;0,03;0,00
Ocotea percurrens;Louro preto saracá;Lauraceae;0,09;0,11;0,04;0,00;0,04;0,00
Stryphnodendron paniculatum;Fava mucunã;Mimosaceae;0,08;0,11;0,06;0,06;0,06;0,49
Talisia subalbens;Pitombarana vermelha;Sapindaceae;0,08;0,12;0,17;0,00;0,18;0,00
Myrcia multiflora;Araçapeua;Myrtaceae;0,08;0,12;0,03;0,00;0,02;0,00
Miconia phanerostila;Tinteiro fl. grande;Melastomataceae;0,08;0,10;0,02;0,00;0,01;0,00
Osteophloeum platyspermum;Ucuúba chorona;Myristicaceae;0,08;0,11;0,16;0,17;0,17;0,00
Thyrsodium paraense;Amaparana;Anacardiaceae;0,08;0,10;0,03;0,02;0,02;0,00
Cecropia distachya;Imbaúba vermelha;Cecropiaceae;0,08;0,10;0,04;0,00;0,03;0,00
Calyptranthes sp2;Murta casca escura;Myrtaceae;0,08;0,08;0,03;0,00;0,02;0,00
Licania canescens;Cariperana fl. branca;Chrysobalanaceae;0,08;0,10;0,05;0,00;0,05;0,00
Neea sp2;João mole fl. média;Nyctaginaceae;0,08;0,08;0,06;0,00;0,06;0,00
Virola multicostata;Ucuúba vermelha fl. grande;Myristicaceae;0,08;0,11;0,04;0,00;0,03;0,00
Protium fimbriatum;Breu fl. brilhosa;Burseraceae;0,08;0,09;0,04;0,00;0,03;0,00
Abarema jupunba;Saboeiro;Mimosaceae;0,07;0,13;0,11;0,00;0,11;0,49
Prieurella prieurii;Abiurana chocolate;Sapotaceae;0,07;0,09;0,08;0,07;0,08;0,49
Anacardium spruceanum;Cajuaçú;Anacardiaceae;0,07;0,12;0,30;0,33;0,34;0,00
Sclerolobium melinonii;Tachi branco;Caesalpiniaceae;0,07;0,12;0,07;0,07;0,06;0,00
Sarcaulus brasiliensis;Ajaraí;Sapotaceae;0,07;0,10;0,07;0,00;0,06;0,00
Quiina paraensis;Papo de mutúm;Quiinaceae;0,07;0,11;0,03;0,00;0,02;0,00
Eugenia patrisii;Fruta de jaboti;Myrtaceae;0,07;0,11;0,02;0,01;0,02;0,49
Siparuna decipiens;Capitiú;Monimiaceae;0,07;0,12;0,02;0,00;0,02;0,00
Vitex triflora;Tarumã;Verbenaceae;0,07;0,11;0,03;0,00;0,02;0,00
Chaunochiton kappleri;Pau vermelho;Olacaceae;0,07;0,11;0,11;0,00;0,11;0,49
Virola elongata;Ucuúba fl. grande;Myristicaceae;0,07;0,09;0,10;0,00;0,11;0,49
Stryphnodendron guianensis;Fava camuzê;Mimosaceae;0,07;0,11;0,04;0,04;0,04;0,49
Byrsonima aerugo;Murucí da mata;Malpighiaceae;0,07;0,06;0,05;0,05;0,04;0,49
Cupania scrobiculata;Espetorana;Sapindaceae;0,07;0,11;0,02;0,01;0,01;0,49
Theobroma subincanum;Cupuí;Sterculiaceae;0,07;0,10;0,02;0,00;0,02;0,49
Martiodendron elatum;Muirapixuna;Caesalpiniaceae;0,07;0,12;0,25;0,31;0,28;0,00
Trattinnickia burseraefolia;Breu sucuruba branco;Burseraceae;0,07;0,11;0,17;0,19;0,19;0,00
Naucleopsis krukovii;Muiratinga chorona fl. grande;Moraceae;0,07;0,11;0,02;0,00;0,01;0,00
Peltogyne paniculata;Escova de macaco;Caesalpiniaceae;0,07;0,09;0,05;0,14;0,05;0,49
Pouteria oppositifolia;Guajará bolacha;Sapotaceae;0,07;0,08;0,27;0,65;0,30;0,00
Annona densicoma;Ata da mata;Annonaceae;0,07;0,08;0,02;0,00;0,01;0,49
Parkia decussata;Fava arara;Mimosaceae;0,07;0,10;0,10;0,12;0,10;0,00
Tachigali guianensis;Tachi preto;Caesalpiniaceae;0,07;0,09;0,12;0,00;0,13;0,00
Cordia scabrida;Freijó;Boraginaceae;0,07;0,09;0,02;0,07;0,02;0,00
Cassia apoucouita;Coração de negro;Caesalpiniaceae;0,07;0,10;0,03;0,00;0,03;0,00
Byrsonima stipulacea;Murucí fl. peluda;Malpighiaceae;0,07;0,05;0,03;0,03;0,02;0,00
Mouriri brachyanthera;Miraúba fl. grande;Melastomataceae;0,06;0,11;0,04;0,03;0,03;0,49
Clarisia ilicifolia;Muiratinga fura-fura;Moraceae;0,06;0,11;0,01;0,01;0,01;0,49
Fusaea longifolia;Envira biribá;Annonaceae;0,06;0,10;0,01;0,00;0,01;0,49
Zollernia paraensis;Pau ferro;Caesalpiniaceae;0,06;0,11;0,19;0,18;0,21;0,00
Ocotea rubrinervis;Louro inamuí preto;Lauraceae;0,06;0,09;0,16;0,00;0,18;0,00
Urbanella excelsa;Maparajubarana;Sapotaceae;0,06;0,09;0,10;0,00;0,09;0,00
Pouteria sp11;Abiurana vermelha fl. média;Sapotaceae;0,06;0,08;0,09;0,00;0,10;0,00
Couepia canomensis;Cariperana fl. amarela;Chrysobalanaceae;0,06;0,10;0,05;0,00;0,05;0,00
Lacunaria jenmanii;Papo de mutúm fl. grande;Quiinaceae;0,06;0,10;0,04;0,00;0,03;0,00
Unonopsis guatterioides;Envira preta sem cheiro;Annonaceae;0,06;0,10;0,03;0,00;0,02;0,00
Ocotea sp5;Louro sem cheiro;Lauraceae;0,06;0,09;0,03;0,00;0,03;0,00
Miconia gratissima;Maramará branco;Melastomataceae;0,06;0,09;0,02;0,00;0,02;0,00
Guatteria microcalax;Envira preta;Annonaceae;0,06;0,05;0,03;0,00;0,03;0,00
Newtonia suaveolens;Fava timborana;Mimosaceae;0,06;0,08;0,18;0,00;0,20;0,49
Enterolobium schomburgkii;Fava orelha de macaco;Mimosaceae;0,06;0,10;0,16;0,17;0,18;0,00
Bracteanthus duckei;Capitiú grande;Monimiaceae;0,06;0,09;0,07;0,00;0,07;0,00
Eschweilera apiculata;Matamatá casca torrada;Lecythidaceae;0,06;0,08;0,03;0,03;0,02;0,00
Swartzia arborescens;Pacapeuazinho;Fabaceae;0,06;0,10;0,02;0,00;0,01;0,00
Lacistema grandifolium;Cumê de pombo fl. peluda;Lacistemaceae;0,06;0,10;0,01;0,00;0,01;0,00
Myrciaria tenella;Goiabinha fl. miúda;Myrtaceae;0,06;0,08;0,03;0,00;0,02;0,00
Tapura singularis;Pau de bicho fl. lisa;Dichapetalaceae;0,06;0,08;0,01;0,00;0,01;0,00
Rinorea pubiflora;Jacamim preto;Violaceae;0,06;0,06;0,02;0,00;0,01;0,00
Pseudolmedia laevigata;Pama fl. miúda;Moraceae;0,06;0,10;0,06;0,00;0,06;0,49
Naucleopsis caloneura;Muiratinga mão-de-onça;Moraceae;0,06;0,08;0,02;0,01;0,01;0,49
Agonandra brasiliensis;Pau marfim;Opiliaceae;0,06;0,10;0,04;0,09;0,04;0,00
Pouteria sp2;Abiurana;Sapotaceae;0,06;0,08;0,05;0,00;0,05;0,00
Talisia mollis;Pitomba da mata;Sapindaceae;0,06;0,09;0,02;0,00;0,02;0,00
Xylopia benthamii;Envira bananinha;Annonaceae;0,06;0,10;0,01;0,00;0,01;0,00
Matayba olygandra;Espetorana fl. miúda;Sapindaceae;0,06;0,07;0,03;0,00;0,02;0,00
Chrysophyllum excelsum;Abiu guajarazão;Sapotaceae;0,06;0,08;0,16;0,16;0,18;0,00
Ormosia coccinea;Tento fl. grossa;Fabaceae;0,06;0,09;0,09;0,08;0,10;0,00
Sloanea garkeana;Urucurana;Elaeocarpaceae;0,06;0,09;0,04;0,04;0,04;0,00
Ampelocera edentula;Trapiarana;Ulmaceae;0,06;0,08;0,05;0,00;0,05;0,00
Stryphnodendron obovatum;Fava pitiú;Mimosaceae;0,06;0,08;0,03;0,00;0,03;0,00
Pourouma mollis;Imbaubarana fl. áspera;Cecropiaceae;0,06;0,07;0,03;0,02;0,02;0,00
Virola multinervia;Ucuúba fl. grande peluda;Myristicaceae;0,06;0,09;0,02;0,00;0,01;0,00
Uvaria sp;Lamucí;Annonaceae;0,06;0,08;0,02;0,00;0,01;0,00
Inga chartecea;Ingá peludo pecíolo alado;Mimosaceae;0,05;0,08;0,02;0,00;0,01;0,49
Iryanthera laevigata;Ucuúba vermelha;Myristicaceae;0,05;0,08;0,09;0,00;0,10;0,00
Ecclinusa breviata;Abiu fl. grande;Sapotaceae;0,05;0,07;0,05;0,06;0,05;0,00
Ormosia holerythra;Tento vermelho;Fabaceae;0,05;0,08;0,04;0,00;0,03;0,00
Abuta grandiflora;Canela brava;Menispermaceae;0,05;0,09;0,03;0,00;0,03;0,00
Bracteanthus glycycarpus;Capitiú fl. miúda;Monimiaceae;0,05;0,07;0,04;0,00;0,03;0,00
Guarea guidoniana;Andirobarana fl. peluda;Meliaceae;0,05;0,07;0,02;0,01;0,01;0,00
Protium robustum;Breu gigante;Burseraceae;0,05;0,08;0,02;0,02;0,02;0,49
Rhabdodendron amazonicum;Batiputá;Rutaceae;0,05;0,08;0,02;0,00;0,01;0,49
Pouteria hispida;Abiu jaraní;Sapotaceae;0,05;0,08;0,07;0,14;0,07;0,00
Diospyros praetermissa;Caquí;Ebenaceae;0,05;0,08;0,10;0,00;0,10;0,00
Buchenavia grandis;Mirindiba;Combretaceae;0,05;0,08;0,07;0,07;0,07;0,00
Pouteria sp8;Abiurana fl. dourada;Sapotaceae;0,05;0,08;0,10;0,00;0,11;0,00
Pterocarpus rohrii;Mututi duro;Fabaceae;0,05;0,08;0,05;0,05;0,04;0,00
Sloanea grandiflora;Urucurana fl. grande;Elaeocarpaceae;0,05;0,08;0,04;0,03;0,04;0,00
Maquira callophylla;Muiratinga fl. dura;Moraceae;0,05;0,08;0,02;0,02;0,02;0,00
Marlierea sp1;Araça da mata;Myrtaceae;0,05;0,06;0,04;0,00;0,03;0,00
Maquira sp2;Muiratinga amarela fl. grande;Moraceae;0,05;0,08;0,02;0,00;0,02;0,00
Cymbopetalum brasiliensis;Envira catinga de cutia;Annonaceae;0,05;0,05;0,01;0,00;0,01;0,00
Iryanthera sagotiana;Ucuubarana;Myristicaceae;0,05;0,07;0,02;0,02;0,02;0,49
Cariniana micrantha;Tauari coco fl. serrilhada;Lecythidaceae;0,05;0,08;0,31;0,42;0,37;0,00
Mezilaurus itauba;Itaúba;Lauraceae;0,05;0,07;0,15;0,43;0,16;0,00
Drypetes variabilis;Maparanã;Euphorbiaceae;0,05;0,08;0,09;0,18;0,09;0,00
Chrysophyllum auratum;Camitiê bravo;Sapotaceae;0,05;0,08;0,08;0,09;0,08;0,00
Duroia sp1;Puruí canelado;Rubiaceae;0,05;0,06;0,11;0,00;0,13;0,00
Eschweilera sp2;Matamatá casca grossa;Lecythidaceae;0,05;0,07;0,11;0,00;0,11;0,00
Dendrobangia boliviana;Pau vick;Icacinaceae;0,05;0,08;0,07;0,00;0,08;0,00
Pouteria sp9;Abiurana leite moça;Sapotaceae;0,05;0,05;0,08;0,00;0,08;0,00
Pouteria fimbriata;Abiu cetim fl. verde;Sapotaceae;0,05;0,06;0,04;0,00;0,04;0,00
Tovomita schomburgkii;Mangueirana fl. miúda;Clusiaceae;0,05;0,08;0,02;0,00;0,02;0,00
Casearia grandiflora;Canela de veado;Flacourtiaceae;0,05;0,08;0,01;0,01;0,01;0,00
Casearia mariquitensis;Sardinheira peluda;Flacourtiaceae;0,05;0,08;0,01;0,00;0,01;0,00
Lacistema aggregatum;Cumê de pombo fl. lisa;Lacistemaceae;0,05;0,08;0,01;0,00;0,01;0,00
Trichilia schomburgkii;Cachuá de orelha;Meliaceae;0,05;0,07;0,01;0,00;0,01;0,00
Naucleopsis sp3;Abiu vermelho fl. brilhosa;Moraceae;0,05;0,05;0,03;0,00;0,02;0,00
Couratari guianensis;Tauarí branco;Lecythidaceae;0,04;0,07;0,09;0,10;0,10;0,49
Balizia pedicellaris;Mapuchiqui;Mimosaceae;0,04;0,07;0,12;0,13;0,13;0,00
Brosimum lactescens;Muirapiranga branca;Moraceae;0,04;0,07;0,06;0,06;0,06;0,00
Aniba williamsii;Louro vermelho;Lauraceae;0,04;0,07;0,07;0,00;0,07;0,00
Duroia saccifera;Puruí de formiga;Rubiaceae;0,04;0,07;0,02;0,00;0,01;0,00
Roucheria punctata;Rogéria;Linaceae;0,04;0,07;0,02;0,00;0,01;0,00
Maquira sp3;Muiratinga fl. média;Moraceae;0,04;0,05;0,01;0,00;0,01;0,00
Stryphnodendron sp;Ingá falso;Mimosaceae;0,04;0,02;0,02;0,00;0,01;0,00
Protium crenatum;Mesclão;Burseraceae;0,04;0,05;0,06;0,08;0,06;0,49
Rhodostemonodaphne grandis;Louro casca grossa;Lauraceae;0,04;0,07;0,06;0,00;0,06;0,49
Inga gracilifolia;Ingá de preguiça;Mimosaceae;0,04;0,05;0,03;0,02;0,03;0,49
Lindackeria latifolia;Farinha seca;Flacourtiaceae;0,04;0,07;0,01;0,01;0,01;0,49
Myrcia fallax;Cumatê;Myrtaceae;0,04;0,06;0,02;0,00;0,02;0,49
Pourouma villosa;Imbaúbarana fl. peluda;Cecropiaceae;0,04;0,05;0,03;0,00;0,03;0,49
Vatairea sericea;Angelim amargoso;Fabaceae;0,04;0,07;0,08;0,00;0,09;0,00
Parinari rodolphii;Parinari amarelo fl. grande;Chrysobalanaceae;0,04;0,06;0,06;0,07;0,06;0,00
Couepia bracteosa;Pajurá;Chrysobalanaceae;0,04;0,07;0,05;0,00;0,05;0,00
Eugenia omissa;Goiabinha branca;Myrtaceae;0,04;0,06;0,02;0,02;0,02;0,00
Quiina sp;Quiina alada;Quiinaceae;0,04;0,06;0,02;0,00;0,01;0,00
Inga pezizifera;Ingá branco;Mimosaceae;0,04;0,06;0,01;0,01;0,01;0,00
Lacunaria crenata;Papo de mutúm fl. amarela;Quiinaceae;0,04;0,06;0,01;0,00;0,01;0,00
Eugenia sp4;Goiabinha casca mole;Myrtaceae;0,04;0,05;0,02;0,00;0,01;0,00
Mabea fistulifera;Seringaí fl. média;Euphorbiaceae;0,04;0,03;0,01;0,00;0,01;0,00
Hevea brasiliensis;Seringueira;Euphorbiaceae;0,04;0,06;0,03;0,00;0,03;0,49
Parkia ulei;Esponjeira;Mimosaceae;0,04;0,06;0,16;0,21;0,18;0,00
Heisteria brachyteosa;Pipo de macaco;Olacaceae;0,04;0,07;0,08;0,00;0,08;0,00
Pouteria grandiflora;Abiu fl. miúda;Sapotaceae;0,04;0,06;0,07;0,00;0,07;0,00
Protium sp4;Breu fl. miúda;Burseraceae;0,04;0,05;0,05;0,00;0,05;0,00
Naucleopsis sp1;Muiratinga amarela fl. miúda;Moraceae;0,04;0,05;0,04;0,00;0,03;0,00
Protium sp3;Breu fl. média;Burseraceae;0,04;0,03;0,05;0,00;0,05;0,00
Trichilia septentrionalis;Cachuá grande;Meliaceae;0,04;0,06;0,02;0,00;0,01;0,00
Talisia angustifolia;Pitombarana vermelha fl. grande;Sapindaceae;0,04;0,06;0,01;0,00;0,01;0,00
Anaxogorea acuminata;Envira pindaúba amarela;Annonaceae;0,04;0,05;0,02;0,00;0,02;0,00
Duguetia pycnastera;Caniceiro branco;Annonaceae;0,04;0,05;0,01;0,00;0,00;0,00
Caryocar villosum;Piquiá;Caryocaraceae;0,04;0,06;0,25;0,24;0,30;0,49
Brosimum potabile;Amapá amargo;Moraceae;0,04;0,06;0,10;0,13;0,11;0,49
Aiouea myristicoides;Louro branco;Lauraceae;0,04;0,05;0,03;0,00;0,02;0,49
Hymenolobium nitidum;Angelim fl. grande;Fabaceae;0,04;0,06;0,11;0,25;0,12;0,00
Parkia pendula;Fava bolota;Mimosaceae;0,04;0,06;0,11;0,10;0,12;0,00
Batesia floribunda;Acapurana da terra firme;Caesalpiniaceae;0,04;0,06;0,11;0,00;0,11;0,00
Chrysophyllum prieurii;Abiu mocambi;Sapotaceae;0,04;0,04;0,07;0,08;0,07;0,00
Neoxythece robusto;Guajará;Sapotaceae;0,04;0,06;0,05;0,00;0,05;0,00
Abarema mataybifolia;Ingá de rosca;Mimosaceae;0,04;0,06;0,05;0,00;0,05;0,00
Cordia scabrifolia;Freijó branco fl. média;Boraginaceae;0,04;0,06;0,01;0,04;0,01;0,00
Micropholis caudata;Mangabarana fl. vermelha;Sapotaceae;0,04;0,06;0,03;0,00;0,03;0,00
Zanthoxylum regnellianum;Tamanqueira fl. grande;Rutaceae;0,04;0,06;0,02;0,00;0,02;0,00
Inga melinonis;Ingá pecíolo alado;Mimosaceae;0,04;0,06;0,01;0,00;0,01;0,00
Sterculia duckeana;Axixá fl. dura;Sterculiaceae;0,04;0,05;0,02;0,00;0,01;0,00
Miconia longispicata;Tinteiro branco fl. grande;Melastomataceae;0,04;0,05;0,01;0,00;0,01;0,00
Virola crebrinervia;Ucuúba fl. peluda;Myristicaceae;0,03;0,06;0,01;0,00;0,01;0,49
Protium trifoliolatum;Breu três folhas;Burseraceae;0,03;0,05;0,01;0,00;0,00;0,49
Cecropia latiloba;Imbaúba grande;Cecropiaceae;0,03;0,03;0,02;0,00;0,02;0,49
Hymenaea reticulata;Jatobazão;Caesalpiniaceae;0,03;0,06;0,07;0,00;0,07;0,00
Mouriri nigra;Miraúba escamosa;Melastomataceae;0,03;0,05;0,07;0,00;0,07;0,00
Pouteria cuneata;Abiu urucurana;Sapotaceae;0,03;0,05;0,07;0,00;0,07;0,00
Licania mollis;Cariperana preta;Chrysobalanaceae;0,03;0,05;0,03;0,00;0,02;0,00
Diospyros melinonii;Caquí fl. branca;Ebenaceae;0,03;0,05;0,01;0,00;0,01;0,00
Hymenolobium excelsum;Angelim pedra;Fabaceae;0,03;0,05;0,01;0,01;0,01;0,00
Licania cladantha;Caripé;Chrysobalanaceae;0,03;0,05;0,01;0,00;0,01;0,00
Xylopia ochrantha;Envira dura;Annonaceae;0,03;0,03;0,01;0,00;0,01;0,00
Couratari stelata;Tauari;Lecythidaceae;0,03;0,05;0,04;0,04;0,04;0,49
Guatteria schomburgkiana;Envira preta fl. miúda;Annonaceae;0,03;0,04;0,02;0,02;0,01;0,49
Ocotea guianensis;Louro prata;Lauraceae;0,03;0,05;0,04;0,05;0,03;0,00
Casearia silvestris;Sardinheira fl. grande;Flacourtiaceae;0,03;0,05;0,01;0,01;0,01;0,00
Sloanea speciosa;Castanha de periquito;Elaeocarpaceae;0,03;0,05;0,02;0,00;0,02;0,00
Pouteria jenmanii;Abiu cabeça de macaco;Sapotaceae;0,03;0,05;0,01;0,00;0,01;0,00
Talisia longifolia;Pitombarana fl. comprida;Sapindaceae;0,03;0,05;0,01;0,00;0,00;0,00
Buchenavia parvifolia;Cuiarana fl. miúda;Combretaceae;0,03;0,05;0,09;0,07;0,10;0,49
Buchenavia congesta;Tanimbuca amarela;Combretaceae;0,03;0,05;0,07;0,09;0,08;0,00
Bowdichia nitida;Sucupira amarela;Fabaceae;0,03;0,05;0,05;0,16;0,05;0,00
Pouteria excelsa;Guajarazão;Sapotaceae;0,03;0,05;0,09;0,00;0,11;0,00
Schefflera morototoni;Morototó;Araliaceae;0,03;0,04;0,06;0,09;0,06;0,00
Pouteria sp3;Abiurana amarela fl. média;Sapotaceae;0,03;0,04;0,08;0,00;0,09;0,00
Peltogyne venosa ssp densiflora;Pau roxo;Caesalpiniaceae;0,03;0,04;0,07;0,00;0,08;0,00
Parinari excelsa;Parinari fl. média;Chrysobalanaceae;0,03;0,05;0,03;0,05;0,03;0,00
Andira unifoliolata;Buiusu mirá;Fabaceae;0,03;0,05;0,04;0,00;0,04;0,00
Swartzia corrugata;Gombeira fl. grande;Fabaceae;0,03;0,05;0,03;0,02;0,03;0,00
Talisia sp1;Pitombarana;Sapindaceae;0,03;0,05;0,02;0,00;0,03;0,00
Rollinia edulis;Envira mole fl. grande;Annonaceae;0,03;0,05;0,02;0,00;0,02;0,00
Ocotea sp1;Louro;Lauraceae;0,03;0,05;0,02;0,00;0,02;0,00
Sapium aereum;Murupita;Euphorbiaceae;0,03;0,05;0,02;0,00;0,01;0,00
Pouteria vernicosa;Abiu vermelho fl. brilhosa;Sapotaceae;0,03;0,04;0,02;0,00;0,02;0,00
Naucleopsis concinna;Muiratinga cabeça-de-arara;Moraceae;0,03;0,05;0,01;0,00;0,01;0,00
Oenocarpus mapora;Bacabarana;Arecaceae;0,03;0,05;0,00;0,00;0,00;0,00
Eugenia ochra;Goiaba da mata;Myrtaceae;0,03;0,04;0,01;0,00;0,01;0,00
Inga distachya;Ingá fl. miúda;Mimosaceae;0,03;0,04;0,01;0,01;0,01;0,00
Bombax longipedicellatum;Mamorana da mata;Bombacaceae;0,02;0,04;0,03;0,05;0,04;0,49
Perebea mollis;Cauchorana;Moraceae;0,02;0,03;0,02;0,02;0,02;0,49
Abarema piresii;Saboeirinho;Mimosaceae;0,02;0,04;0,02;0,00;0,02;0,49
Pouteria caimito;Abiu;Sapotaceae;0,02;0,04;0,01;0,01;0,01;0,49
Vismia cayennensis;Lacre branco;Clusiaceae;0,02;0,04;0,01;0,00;0,00;0,49
Cecropia obtusa;Imbaúba branca;Cecropiaceae;0,02;0,03;0,01;0,00;0,01;0,49
Anacardium tenuifolium;Cajuí fl. miúda;Anacardiaceae;0,02;0,04;0,11;0,10;0,12;0,00
Peltogyne venosa;Pau roxo;Caesalpiniaceae;0,02;0,03;0,06;0,16;0,06;0,00
Ormosia paraensis;Tento;Fabaceae;0,02;0,03;0,05;0,07;0,05;0,00
Hirtella brachyteosa;Caripé amarelo;Chrysobalanaceae;0,02;0,04;0,06;0,00;0,06;0,00
Eschweilera sp3;Matamatá tauari;Lecythidaceae;0,02;0,04;0,03;0,00;0,03;0,00
Terminalia amazonica;Tanimbuca;Combretaceae;0,02;0,04;0,02;0,03;0,02;0,00
Couepia guianensis;Macucuzinho;Chrysobalanaceae;0,02;0,04;0,02;0,02;0,02;0,00
Agonandra opiliacea;Marfinrana;Olacaceae;0,02;0,04;0,03;0,00;0,02;0,00
Roupala obtusata;Louro faia;Proteaceae;0,02;0,04;0,02;0,00;0,02;0,00
Aspidosperma eteanum;Araracanga fl. grande;Apocynaceae;0,02;0,04;0,02;0,00;0,01;0,00
Ocotea petalanthera;Louro abacatinho;Lauraceae;0,02;0,03;0,02;0,00;0,02;0,00
Simaba calophylla;Maruparana;Simaroubaceae;0,02;0,04;0,01;0,00;0,01;0,00
Tapirira peckoltiana;Tatapiririca fl. peluda;Anacardiaceae;0,02;0,03;0,01;0,00;0,01;0,00
Swartzia panacoco;Gombeira fl. peluda;Fabaceae;0,02;0,02;0,01;0,00;0,01;0,00
Byrsonima amazonica;Murucí;Malpighiaceae;0,02;0,03;0,01;0,01;0,01;0,49
Cecropia palmata;Imbaúba;Cecropiaceae;0,02;0,03;0,02;0,00;0,02;0,49
Xylopia cayennensis;Casqueiro vermelho;Annonaceae;0,02;0,04;0,01;0,00;0,01;0,49
Annona ambotay;Envira taia;Annonaceae;0,02;0,04;0,01;0,00;0,00;0,49
Protium pilosissimum;Breu fl. peluda;Burseraceae;0,02;0,04;0,00;0,00;0,00;0,49
Pseudoxandra cuspidata;Lamuci;Annonaceae;0,02;0,03;0,01;0,00;0,01;0,49
Enterolobium maximum;Fava tamboril;Mimosaceae;0,02;0,04;0,15;0,28;0,18;0,00
Eschweilera epervatorum;Matamatá cascudo;Lecythidaceae;0,02;0,03;0,06;0,00;0,06;0,00
Pradosia sp;Abiurana casca doce;Sapotaceae;0,02;0,03;0,05;0,00;0,06;0,00
Pouteria versicolor;Abiu fl. brilhosa;Sapotaceae;0,02;0,04;0,04;0,00;0,04;0,00
Chrysophyllum cuneifolium;Abiu fl. séssil;Sapotaceae;0,02;0,04;0,03;0,00;0,03;0,00
Ocotea kubitzkia;Louro capitiú;Lauraceae;0,02;0,04;0,02;0,03;0,01;0,00
Neoxythece sp;Abiurana vermelha fl. marrom;Sapotaceae;0,02;0,03;0,04;0,00;0,04;0,00
Pouteria sp12;Pajurá;Sapotaceae;0,02;0,03;0,03;0,00;0,03;0,00
Maquira coriacea;Muiratinga amarela fl. dura;Moraceae;0,02;0,04;0,02;0,02;0,02;0,00
Macrolobium campestris;Iperana;Caesalpiniaceae;0,02;0,02;0,02;0,02;0,02;0,00
Licania affinis;Cariperana fl. amarela;Chrysobalanaceae;0,02;0,03;0,02;0,02;0,01;0,00
Pouteria sp6;Abiurana coquerana;Sapotaceae;0,02;0,03;0,01;0,00;0,01;0,00
Leonia glycycarpa;Trapiarana;Violaceae;0,02;0,03;0,02;0,00;0,01;0,00
Tapirira guianensis;Tatapiririca;Anacardiaceae;0,02;0,04;0,01;0,00;0,00;0,00
Marlierea velutina;Goiabinha fl. peluda;Myrtaceae;0,02;0,04;0,01;0,00;0,00;0,00
Inga stipularis;Ingá de orelha;Mimosaceae;0,02;0,04;0,00;0,00;0,00;0,00
Couepia guianensis ssp divaricata;Macucurana;Chrysobalanaceae;0,02;0,03;0,01;0,00;0,01;0,00
Tabernaemontana angulata;Pocoró grande;Apocynaceae;0,02;0,04;0,00;0,00;0,00;0,00
Calycolpus sp;Araça vermelho fl. miúda;Myrtaceae;0,02;0,03;0,00;0,00;0,00;0,00
Brosimum acutifolium;Mururé;Moraceae;0,02;0,03;0,10;0,15;0,12;0,49
Geissospermum velosii;Quinarana fl. branca;Apocynaceae;0,02;0,03;0,05;0,04;0,05;0,49
Trattinnickia lawrancei;Breu sucuruba fl. áspera;Burseraceae;0,02;0,03;0,03;0,02;0,04;0,49
Himatanthus sucuuba;Sucuúba;Apocynaceae;0,02;0,03;0,01;0,01;0,01;0,49
Protium unifoliolatum;Breu sem cheiro;Burseraceae;0,02;0,03;0,01;0,01;0,01;0,49
Rollinia exsucca;Envira biribá;Annonaceae;0,02;0,03;0,01;0,00;0,00;0,49
Diplotropis purpurea;Sucupira amarela;Fabaceae;0,02;0,03;0,06;0,11;0,06;0,00
Lecythis serrata;Jarana fl. miúda;Lecythidaceae;0,02;0,03;0,03;0,00;0,03;0,00
Sloanea erismoides;Urucurana branca;Elaeocarpaceae;0,02;0,02;0,04;0,00;0,05;0,00
Licania pallida;Cariperana fl. pálida;Chrysobalanaceae;0,02;0,03;0,02;0,02;0,02;0,00
Hirtella bicornis;Cariperana fl. miúda;Chrysobalanaceae;0,02;0,03;0,02;0,02;0,02;0,00
Guapira sp;João mole fl. média;Nyctaginaceae;0,02;0,03;0,03;0,00;0,03;0,00
Inga laurina;Ingá ferro;Mimosaceae;0,02;0,03;0,02;0,02;0,02;0,00
Casearia pitumba;Sardinheira pitomba;Flacourtiaceae;0,02;0,03;0,01;0,01;0,01;0,00
Leonia cymosa;Vermelhinho;Violaceae;0,02;0,03;0,01;0,00;0,01;0,00
Duguetia sp1;Envira surucucú fl. fina;Annonaceae;0,02;0,03;0,01;0,00;0,01;0,00
Inga macrophylla;Ingá fl. grande;Mimosaceae;0,02;0,03;0,01;0,00;0,00;0,00
Licania canumanensis;Caripé fl. amarela peluda;Chrysobalanaceae;0,02;0,02;0,02;0,00;0,01;0,00
Ocotea fasciculata;Lourinho;Lauraceae;0,02;0,03;0,01;0,00;0,00;0,00
Mouriri sagotiana;Caingá;Melastomataceae;0,02;0,03;0,00;0,00;0,00;0,00
Aspidosperma spruceanum;Araracanga fl. comprida;Apocynaceae;0,02;0,03;0,01;0,01;0,00;0,00
Myrcia eximia;Goiabinha escamosa;Myrtaceae;0,02;0,02;0,01;0,00;0,01;0,00
Cecropia ficifolia;Imbaúba fl. peluda;Cecropiaceae;0,02;0,02;0,00;0,00;0,00;0,00
Pradosia praealta;Abiu casca doce;Sapotaceae;0,02;0,02;0,05;0,00;0,05;0,49
Couma utilis;Sorvinha;Apocynaceae;0,02;0,03;0,02;0,02;0,02;0,49
Parkia oppositifolia;Fava margarida;Mimosaceae;0,02;0,02;0,01;0,01;0,01;0,49
Protium subserratum;Breu serrote;Burseraceae;0,02;0,03;0,01;0,01;0,01;0,49
Byrsonima crispa;Murucí branco;Malpighiaceae;0,02;0,03;0,01;0,01;0,01;0,49
Manilkara huberi;Maçaranduba;Sapotaceae;0,02;0,03;0,03;0,09;0,03;0,00
Martiodendron parvifolia;Muirapixuna;Caesalpiniaceae;0,02;0,02;0,05;0,06;0,05;0,00
Swartzia grandifolia;Coração de negro;Fabaceae;0,02;0,03;0,04;0,05;0,05;0,00
Couropita guianensis;Castanha de macaco;Lecythidaceae;0,02;0,02;0,03;0,03;0,03;0,00
Annona tenuipes;Envira mole;Annonaceae;0,02;0,03;0,03;0,00;0,03;0,00
Licania oblongifolia;Macucú fôfo;Chrysobalanaceae;0,02;0,03;0,02;0,01;0,02;0,00
Manilkara bidentata;Maparajuba fl. verde;Sapotaceae;0,02;0,02;0,01;0,05;0,01;0,00
Hirtella faciculata;Cariperana fl. peluda;Chrysobalanaceae;0,02;0,02;0,03;0,00;0,03;0,00
Anisophyllea manausensis;Maria pretinha;Anisophylleaceae;0,02;0,03;0,02;0,00;0,02;0,00
Inga splendens;Ingá chinelo;Mimosaceae;0,02;0,02;0,01;0,01;0,01;0,00
Hirtella obidensis;Cariperana branca fl. peluda;Chrysobalanaceae;0,02;0,02;0,01;0,01;0,01;0,00
Matayba inelegans;Vermelhinho;Sapindaceae;0,02;0,03;0,01;0,00;0,01;0,00
Horstia sp;Rabo de arara;Rutaceae;0,02;0,03;0,01;0,00;0,01;0,00
Sterculia sp;Axixá fl. miúda;Sterculiaceae;0,02;0,03;0,01;0,00;0,00;0,00
Couepia sp;Jatuá;Chrysobalanaceae;0,02;0,03;0,01;0,00;0,00;0,00
Quiina amazonica;Papo de mutúm;Quiinaceae;0,02;0,03;0,01;0,00;0,00;0,00
Protium opacum ssp. opacum;Breu vermelho fl. grande;Burseraceae;0,02;0,02;0,01;0,00;0,01;0,00
Miconia serialis;Maramará branco;Melastomataceae;0,02;0,02;0,01;0,00;0,01;0,00
Pouteria peruviensis;Cramuri branco;Sapotaceae;0,02;0,01;0,02;0,00;0,01;0,00
Miconia crassinervia;Tinteiro vermelho fl. grande;Melastomataceae;0,02;0,02;0,01;0,00;0,01;0,00
Cassia xinguensis;Cássia do xingú;Caesalpiniaceae;0,02;0,02;0,01;0,00;0,01;0,00
Marlierea sp2;Goiabinha casca marrom;Myrtaceae;0,02;0,02;0,00;0,00;0,00;0,00
Siparuna depressa;Capitiú pitiú;Monimiaceae;0,02;0,02;0,00;0,00;0,00;0,00
Parkia duckei;Fava;Mimosaceae;0,02;0,02;0,01;0,00;0,01;0,00
Ochnacea sp;Jamborana;Ochnaceae;0,02;0,02;0,00;0,00;0,00;0,00
Ocotea cernua;Louro preto fl. grande;Lauraceae;0,01;0,02;0,01;0,01;0,01;0,49
Xylopia frutescens;Envira fl. miúda;Annonaceae;0,01;0,02;0,01;0,00;0,01;0,49
Lueheopsis duckeana;Açoita cavalo fl. grande;Tiliaceae;0,01;0,02;0,01;0,00;0,01;0,49
Myrcia paivae;Cumatezinho;Myrtaceae;0,01;0,02;0,01;0,00;0,00;0,49
Maytenus guianensis;Xixuá;Celastraceae;0,01;0,02;0,01;0,00;0,00;0,49
Simaba cedron;Pau para tudo;Simaroubaceae;0,01;0,02;0,00;0,00;0,00;0,49
Nectandra cuspidata;Louro tamanco;Lauraceae;0,01;0,02;0,00;0,00;0,00;0,49
Duckeodendron cestroides;Bucheira;Duckeodendraceae;0,01;0,02;0,07;0,00;0,08;0,00
Lecythis corrugata ssp corrugata;Matamatá vermelho;Lecythidaceae;0,01;0,01;0,04;0,00;0,05;0,00
Bowdichia guianensis;Sucupira escamosa;Fabaceae;0,01;0,02;0,03;0,00;0,04;0,00
Pouteria sp7;Abiurana escamosa amarela;Sapotaceae;0,01;0,02;0,02;0,00;0,03;0,00
Eschweilera obversa;Matamatá vermelho fl. comprida;Lecythidaceae;0,01;0,01;0,02;0,02;0,02;0,00
Iryanthera paniculata;Arurá;Myristicaceae;0,01;0,02;0,02;0,00;0,02;0,00
Neea sp3;Pau rajado;Nyctaginaceae;0,01;0,02;0,02;0,00;0,02;0,00
Casearia sp1;Casearia fl. miúda;Flacourtiaceae;0,01;0,02;0,02;0,00;0,02;0,00
Pouteria venosa;Mangabarana fl. miúda;Sapotaceae;0,01;0,02;0,01;0,01;0,01;0,00
Diospyros sp;Caquí fl. grande;Ebenaceae;0,01;0,02;0,01;0,00;0,01;0,00
Maquira sp4;Muiratinga preta fl. miúda;Moraceae;0,01;0,02;0,01;0,00;0,01;0,00
Pourouma mollis ssp mollis;Imbaubarana fl. grande;Cecropiaceae;0,01;0,02;0,01;0,00;0,01;0,00
Anacardium microcarpum;Madeira;Anacardiaceae;0,01;0,02;0,01;0,00;0,00;0,00
Eugenia sp8;Goiabinha escamosa;Myrtaceae;0,01;0,02;0,01;0,00;0,01;0,00
Eugenia sp9;Goiabinha vermelha fl. miúda;Myrtaceae;0,01;0,02;0,01;0,00;0,00;0,00
Micropholis sp2;Mangabarana;Sapotaceae;0,01;0,02;0,00;0,00;0,00;0,00
Ormosia sp2;Tento fruto miúdo;Fabaceae;0,01;0,02;0,00;0,00;0,00;0,00
Amaioua guianensis;Canela de veado;Rubiaceae;0,01;0,02;0,00;0,00;0,00;0,00
Sclerolobium paraense;Tachi orelha;Caesalpiniaceae;0,01;0,02;0,00;0,00;0,00;0,00
Cordia sp;Freijó branco fl. miúda;Boraginaceae;0,01;0,02;0,00;0,00;0,00;0,00
Annona sp;Araticunzinho;Annonaceae;0,01;0,02;0,00;0,00;0,00;0,00
Trichilia rubra;Cachuá vermelho;Meliaceae;0,01;0,02;0,00;0,00;0,00;0,00
Ephedranthus sp;Envira de jacú;Annonaceae;0,01;0,02;0,01;0,00;0,00;0,00
Licania longistila;Cariperana chiador;Chrysobalanaceae;0,01;0,02;0,00;0,00;0,00;0,00
Poraqueiba guianensis;Marirana;Icacinaceae;0,01;0,01;0,01;0,01;0,01;0,00
Sandwithia sp;Arataciú fl. comprida;Euphorbiaceae;0,01;0,02;0,00;0,00;0,00;0,00
Inga chrysophylla;Ingá pretinho;Mimosaceae;0,01;0,01;0,01;0,00;0,00;0,00
Eugenia sp2;Casca roxa;Myrtaceae;0,01;0,01;0,00;0,00;0,00;0,00
Matayba sp1;Espetorana fl. peluda;Sapindaceae;0,01;0,01;0,00;0,00;0,00;0,00
Eugenia sp11;Murta casca marron clara;Myrtaceae;0,01;0,01;0,00;0,00;0,00;0,00
Aspidosperma nitidum;Carapanaúba amarela;Apocynaceae;0,01;0,01;0,10;0,15;0,12;0,49
Aspidosperma excelsum;Carapanaúba fl. média;Apocynaceae;0,01;0,02;0,06;0,08;0,07;0,49
Chrysophyllum sparciflorum;Abiu chupeta;Sapotaceae;0,01;0,02;0,01;0,00;0,01;0,49
Byrsonima densa;Murucí vermelho;Malpighiaceae;0,01;0,02;0,00;0,00;0,00;0,49
Vochysia surinamensis;Quaruba;Vochysiaceae;0,01;0,02;0,07;0,09;0,08;0,00
Vatairea heteromorpha;Fava amarga;Fabaceae;0,01;0,02;0,11;0,00;0,12;0,00
Dussia discolor;Mututi grande;Fabaceae;0,01;0,02;0,06;0,00;0,07;0,00
Ficus gomelleira;Apuí;Moraceae;0,01;0,02;0,06;0,00;0,07;0,00
Licania sp2;Axuá fl. miúda;Chrysobalanaceae;0,01;0,02;0,06;0,00;0,07;0,00
Hymenaea palustris;Jutaí fl. peluda;Caesalpiniaceae;0,01;0,02;0,01;0,05;0,01;0,00
Sclerolobium sp1;Tachi de sapopema;Caesalpiniaceae;0,01;0,02;0,03;0,00;0,03;0,00
Brosimum sp2;Amapá fl. miúda;Moraceae;0,01;0,02;0,03;0,00;0,03;0,00
Pouteria speciosa;Pajurá de óbidos;Sapotaceae;0,01;0,02;0,01;0,03;0,01;0,00
Pourouma bicolor ssp digitata;Imbaubarana;Cecropiaceae;0,01;0,02;0,02;0,00;0,02;0,00
Couratari sp2;Tauari vermelho;Lecythidaceae;0,01;0,01;0,02;0,00;0,02;0,00
Lecythis corrugata;Matamatá vermelho fl. miúda;Lecythidaceae;0,01;0,01;0,02;0,02;0,02;0,00
Diplotropis triloba;Sucupira fl. grande;Fabaceae;0,01;0,02;0,01;0,00;0,01;0,00
Andira parviflora;Uxi de morcego fl. peluda;Fabaceae;0,01;0,02;0,01;0,01;0,01;0,00
Virola sp2;Ucuúba vermelha fl. média;Myristicaceae;0,01;0,01;0,02;0,00;0,02;0,00
Licania incana;Cariperana amarela fl. miúda;Chrysobalanaceae;0,01;0,01;0,01;0,01;0,01;0,00
Sloanea guianensis;Urucurana fl. média;Elaeocarpaceae;0,01;0,01;0,01;0,01;0,01;0,00
Ouratea castanaefolia;Pau de cobra;Ochnaceae;0,01;0,02;0,01;0,00;0,01;0,00
Ouratea paraensis;Pau serra;Ochnaceae;0,01;0,02;0,01;0,00;0,01;0,00
Ocotea sp2;Louro côco;Lauraceae;0,01;0,02;0,01;0,00;0,00;0,00
Inga paraensis;Ingá;Mimosaceae;0,01;0,02;0,00;0,00;0,00;0,00
Neea macrophylla;João mole fl. peluda;Nyctaginaceae;0,01;0,02;0,00;0,00;0,00;0,00
Naucleopsis macrophylla;Cabeça de arara;Moraceae;0,01;0,02;0,00;0,00;0,00;0,00
Trattinnickia lawrancei var boliviana;Sucuruba fl. áspera;Burseraceae;0,01;0,02;0,00;0,00;0,00;0,00
Roucheria sp2;Pau perú;Linaceae;0,01;0,02;0,00;0,00;0,00;0,00
Eugenia sp7;Goiabinha casca vermelha;Myrtaceae;0,01;0,02;0,00;0,00;0,00;0,00
Naucleopsis sp2;Naucleopsis fl. dura;Moraceae;0,01;0,02;0,00;0,00;0,00;0,00
Protium sp2;Breu curumirá;Burseraceae;0,01;0,02;0,00;0,00;0,00;0,00
Sorocea guilleminiana;Muiratinga fl. áspera;Arecaceae;0,01;0,01;0,01;0,00;0,01;0,00
Pouteria venosa ssp venosa;Guajará preto;Sapotaceae;0,01;0,01;0,01;0,00;0,00;0,00
Bellucia sp;Maramará vermelho;Melastomataceae;0,01;0,01;0,00;0,00;0,00;0,00
Lindackeria paraensis;Tapioqueira;Flacourtiaceae;0,01;0,01;0,00;0,00;0,00;0,00
Pouteria sp1;Abiurana fl. verde;Sapotaceae;0,01;0,01;0,01;0,00;0,01;0,00
Talisia guianensis;Pitombarana fl. miúda;Sapindaceae;0,01;0,01;0,00;0,00;0,00;0,00
Simarouba guianensis ssp guianensis;Marupaí;Simaroubaceae;0,01;0,01;0,00;0,00;0,00;0,00
Pouteria sp10;Abiu fl. seca vermelha;Sapotaceae;0,01;0,01;0,01;0,00;0,01;0,00
Hirtella sp2;Cariperana fl. média;Chrysobalanaceae;0,01;0,01;0,01;0,00;0,01;0,00
Cupania hirta;Espetorana fl. peluda;Sapindaceae;0,01;0,01;0,00;0,00;0,00;0,00
Vismia sp;Lacre fl. miúda;Guttiferae;0,01;0,01;0,00;0,00;0,00;0,00
Eugenia sp6;Goiabinha casca roxa;Myrtaceae;0,01;0,01;0,00;0,00;0,00;0,00
Miconia tomentosa;Tinteiro fl. média;Melastomataceae;0,01;0,01;0,00;0,00;0,00;0,00
Miconia guianensis;Tinteiro branco;Melastomataceae;0,01;0,00;0,00;0,00;0,00;0,00
Zygia bipinada;Ingá;Mimosaceae;0,01;0,00;0,00;0,00;0,00;0,00
Parkia nitida;Fava benguê;Mimosaceae;0,01;0,01;0,01;0,02;0,02;0,49
Protium polybotryum;Breu vermelho fl. brilhosa;Burseraceae;0,01;0,01;0,01;0,01;0,01;0,49
Brosimum acutifolium ssp acutifolium;Mururé;Moraceae;0,01;0,01;0,00;0,00;0,00;0,49
Ficus nymphaefolia;Apuí fl. grande;Moraceae;0,01;0,01;0,13;0,12;0,15;0,00
Sclerolobium aureum;Tachi fl. prateada;Caesalpiniaceae;0,01;0,01;0,04;0,05;0,05;0,00
Lecythis sp1;Tauari casca vermelha;Lecythidaceae;0,01;0,01;0,05;0,00;0,06;0,00
Chrysophyllum sp1;Abiu caqui;Sapotaceae;0,01;0,01;0,04;0,00;0,04;0,00
Micropholis melinona;Currupixá;Sapotaceae;0,01;0,01;0,02;0,02;0,03;0,00
Couratari tauari;Murrão preto;Lecythidaceae;0,01;0,01;0,02;0,02;0,02;0,00
Parahancornia amapa;Amapá amargoso;Apocynaceae;0,01;0,01;0,03;0,00;0,03;0,00
Taralea oppositifolia;Cumarurana;Fabaceae;0,01;0,01;0,03;0,00;0,03;0,00
Albizia pedicelaris;Paricá vermelho;Mimosaceae;0,01;0,01;0,02;0,00;0,02;0,00
Parinari sprucei;Parinari de cutia;Chrysobalanaceae;0,01;0,01;0,02;0,00;0,02;0,00
Pourouma bicolor;Imbaubarana mapatí;Cecropiaceae;0,01;0,01;0,01;0,01;0,01;0,00
Eugenia sp12;Murta fl. bordeada;Myrtaceae;0,01;0,01;0,01;0,00;0,01;0,00
Pourouma sp2;Imbaúba palmada;Cecropiaceae;0,01;0,01;0,01;0,00;0,01;0,00
Sclerolobium guianensis;Tachi fl. peluda;Caesalpiniaceae;0,01;0,01;0,01;0,01;0,01;0,00
Couratari multiflora;Tauari fl. miúda;Lecythidaceae;0,01;0,01;0,01;0,01;0,01;0,00
Swartzia sp1;Gombeira preta fl. miúda;Fabaceae;0,01;0,01;0,01;0,00;0,01;0,00
Alchorneopsis trimera;Pau tartaruguinha;Euphorbiaceae;0,01;0,01;0,01;0,00;0,01;0,00
Ocotea tomentella;Louro leque;Lauraceae;0,01;0,01;0,01;0,01;0,00;0,00
Siparuna sp2;Capitiú fl. miúda;Monimiaceae;0,01;0,01;0,01;0,00;0,01;0,00
Pouteria prieurii;Abiu mocambi;Sapotaceae;0,01;0,01;0,01;0,00;0,00;0,00
Alibertia sp;Cheiro de menta;Rubiaceae;0,01;0,01;0,00;0,00;0,00;0,00
Vantanea guianensis;Uxirana;Humiriaceae;0,01;0,01;0,00;0,00;0,00;0,00
Roucheria sp1;folha com nervoura;Linaceae;0,01;0,01;0,00;0,00;0,00;0,00
Aniba burchelii;Louro amarelo;Lauraceae;0,01;0,01;0,00;0,00;0,00;0,00
Warszewiczia sp;Pau de remorana;Rubiaceae;0,01;0,01;0,00;0,00;0,00;0,00
Casearia combaynensis;Sardinheira casca grossa;Flacourtiaceae;0,01;0,01;0,00;0,00;0,00;0,00
Ouratea sp1;Ouratea;Ochnaceae;0,01;0,01;0,00;0,00;0,00;0,00
Protium giganteum;Breu vermelho fl. grande;Burseraceae;0,01;0,01;0,00;0,00;0,00;0,00
Hirtella racemosa;Caripezinho;Chrysobalanaceae;0,01;0,01;0,00;0,00;0,00;0,00
Endlicheria sprucei;Louro fl. peluda;Lauraceae;0,01;0,01;0,00;0,00;0,00;0,00
Eugenia schomburgkii;Goiabinha amarela;Myrtaceae;0,01;0,01;0,00;0,00;0,00;0,00
Guarea subsessiliflora;Andirobarana;Meliaceae;0,01;0,01;0,00;0,00;0,00;0,00
Siparuna amazonica;Capitiú;Monimiaceae;0,01;0,01;0,00;0,00;0,00;0,00
Alibertia macrophylla;Puruí fl. miúda;Rubiaceae;0,01;0,01;0,00;0,00;0,00;0,00
Trichilia sp3;Pau branco mole;Meliaceae;0,01;0,01;0,00;0,00;0,00;0,00
Ormosia sp1;Tento fl. peluda;Fabaceae;0,01;0,01;0,00;0,00;0,00;0,00
Trichilia quadrijulga;Cachuá fl. miúda ;Meliaceae;0,01;0,01;0,00;0,00;0,00;0,00
Virola sp4;Ucuúba;Myristicaceae;0,01;0,01;0,00;0,00;0,00;0,00
Licania sp4;Cabeça de galinha;Chrysobalanaceae;0,01;0,01;0,00;0,00;0,00;0,00
Protium krukoffii;Breu branco fl. miúda;Burseraceae;0,01;0,01;0,00;0,00;0,00;0,00
Andira inermis;Andira uxi;Fabaceae;0,01;0,01;0,01;0,00;0,01;0,49
Licaria cannella;Louro canela;Lauraceae;0,01;0,01;0,00;0,00;0,00;0,49
Swartzia brachyrachis;Pacapeuazinho;Fabaceae;0,01;0,01;0,00;0,00;0,00;0,49
Astrocaryum aculeatum;Tucumã;Arecaceae;0,01;0,01;0,00;0,00;0,00;0,49
Myrcia atramontifera;Cumatê ;Myrtaceae;0,01;0,01;0,00;0,00;0,00;0,49
Tabebuia avelanedae;Ipê folha amarela;Bignoniaceae;0,01;0,00;0,05;0,36;0,06;0,00
Hymenolobium flavum;Angelim da mata fl. grande;Fabaceae;0,01;0,01;0,04;0,11;0,04;0,00
Aspidosperma sp;Carapanaúba fl. peluda;Apocynaceae;0,01;0,01;0,06;0,00;0,07;0,00
Calophyllum brasiliense;Jacareúba;Clusiaceae;0,01;0,01;0,04;0,04;0,04;0,00
Chrysophyllum cuentifolium ssp pachycarpa;Abiu casca grossa;Sapotaceae;0,01;0,01;0,05;0,00;0,05;0,00
Symphonia globulifera;Anani;Clusiaceae;0,01;0,00;0,02;0,04;0,02;0,00
Trattinnickia glaziovii;Sucurubinha;Burseraceae;0,01;0,01;0,02;0,02;0,02;0,00
Licania hipoleuca;Caripé vidro fl. peluda;Chrysobalanaceae;0,01;0,01;0,02;0,02;0,02;0,00
Licania sp7;Caripé cuinha;Chrysobalanaceae;0,01;0,00;0,03;0,00;0,03;0,00
Hirtella bicornis var vilosa;Caripé branco;Chrysobalanaceae;0,01;0,01;0,02;0,00;0,02;0,00
Licania sp3;Caripé branco;Chrysobalanaceae;0,01;0,01;0,02;0,00;0,02;0,00
Siparuna sp3;Capitiú fl. peluda;Monimiaceae;0,01;0,01;0,02;0,00;0,02;0,00
Planchonella oblanceolata;Abiu maçarandubinha;Sapotaceae;0,01;0,01;0,02;0,00;0,02;0,00
Protium sp7;Breu de escora;Burseraceae;0,01;0,01;0,02;0,00;0,02;0,00
Cassia spruceana;Mariçarro;Caesalpiniaceae;0,01;0,01;0,01;0,00;0,01;0,00
Swartzia laevicarpa;Gombeira de sangue;Fabaceae;0,01;0,01;0,01;0,01;0,01;0,00
Chrysophyllum guianensis;Abiu leite amarelo;Sapotaceae;0,01;0,01;0,01;0,01;0,01;0,00
Bombax sp;Mungubarana ;Bombacaceae;0,01;0,00;0,01;0,00;0,01;0,00
Pseudolmedia murure;Mururé;Moraceae;0,01;0,01;0,01;0,00;0,01;0,00
Erisma gracilis;Quarubarana mirim;Vochysiaceae;0,01;0,01;0,01;0,00;0,01;0,00
Licaria sp2;Aritú rosado;Lauraceae;0,01;0,01;0,01;0,00;0,01;0,00
Eschweilera sp1;Matamatá;Lecythidaceae;0,01;0,01;0,01;0,00;0,01;0,00
Sclerolobium sp2;Tachi fl. miúda;Caesalpiniaceae;0,01;0,01;0,01;0,00;0,01;0,00
Hirtella excelsa;Cariperana branca;Chrysobalanaceae;0,01;0,01;0,00;0,00;0,00;0,00
Miconia minutiflora;Tinteiro;Melastomataceae;0,01;0,01;0,00;0,00;0,00;0,00
Tovomita sp;Mangueirana;Clusiaceae;0,01;0,01;0,00;0,00;0,00;0,00
Myrcia servata;Cumatê fl. miúda;Myrtaceae;0,01;0,01;0,00;0,00;0,00;0,00
Cariniana sp;Tauari fl. grande peluda;Lecythidaceae;0,01;0,01;0,00;0,00;0,00;0,00
Myrciaria sp2;Goiabinha arrepiada;Myrtaceae;0,01;0,01;0,00;0,00;0,00;0,00
Duguetia sp2;Envira surucucu fl. peluda;Annonaceae;0,01;0,01;0,00;0,00;0,00;0,00
Pera bicolor;Perera;Euphorbiaceae;0,01;0,01;0,00;0,00;0,00;0,00
Endicheria sp;Louro vermelho fl. grande;Lauraceae;0,01;0,01;0,00;0,00;0,00;0,00
Talisia microphylla;Pitombinha;Sapindaceae;0,01;0,01;0,00;0,00;0,00;0,00
Acrodiclidium aureum;Louro ouro;Lauraceae;0,01;0,01;0,00;0,00;0,00;0,00
Sloanea eichlerii;Urucurana fl. grande;Elaeocarpaceae;0,01;0,01;0,00;0,00;0,00;0,00
Miconia sp1;Tinteiro fl. peluda;Melastomataceae;0,01;0,01;0,00;0,00;0,00;0,00
Sloanea sp;Urucurana fl. miúda;Elaeocarpaceae;0,01;0,01;0,00;0,00;0,00;0,00
Pouteria sp5;Abiurana casca lisa miúda;Sapotaceae;0,01;0,01;0,00;0,00;0,00;0,00
Protium serratum;Breu serrote;Burseraceae;0,01;0,01;0,00;0,00;0,00;0,00
Onychopetalum olacoide;Marapuama;Annonaceae;0,01;0,01;0,00;0,00;0,00;0,00
Marlierea spruceana;Goiabinha fl. grande peluda;Myrtaceae;0,01;0,01;0,00;0,00;0,00;0,00
Unonopsis sp;Pindaubarana;Annonaceae;0,01;0,01;0,00;0,00;0,00;0,00
Qualea paraensis;Mandioqueira lisa;Vochysiaceae;0,01;0,01;0,00;0,00;0,00;0,00
Isertia hypoleuca;Erva de rato;Rubiaceae;0,01;0,01;0,00;0,00;0,00;0,00
Coussarea guianensis;Caferana fl. redonda;Rubiaceae;0,01;0,01;0,00;0,00;0,00;0,00
Miconia cuspidata;Tinteiro vermelho;Melastomataceae;0,01;0,01;0,00;0,00;0,00;0,00
Ouratea sp2;Ochnacea fl. média;Ochnaceae;0,01;0,01;0,00;0,00;0,00;0,00
Brosimum sp3;Mururé fl. peluda;Moraceae;0,01;0,01;0,00;0,00;0,00;0,00
Calyptranthes sp1;Araça branco fl. média;Myrtaceae;0,01;0,01;0,00;0,00;0,00;0,00
Guatteria sp3;Envira fl. comprida;Annonaceae;0,01;0,01;0,00;0,00;0,00;0,00
Protium sp1;Breu casca torrada;Burseraceae;0,01;0,01;0,00;0,00;0,00;0,00
Matayba guianensis;Espetorana;Sapindaceae;0,01;0,01;0,00;0,00;0,00;0,00
Licania sp5;Cariperana pintada;Chrysobalanaceae;0,01;0,01;0,00;0,00;0,00;0,00
Virola sp1;Ucuúba fl. miúda;Myristicaceae;0,01;0,01;0,00;0,00;0,00;0,00
Abarema kocleata;Abarema;Mimosaceae;0,01;0,01;0,00;0,00;0,00;0,00
Inga nitida;Ingá amarelo;Mimosaceae;0,01;0,01;0,00;0,00;0,00;0,00
Ocotea wachenheimii;Louro abacate fl. brilhosa;Lauraceae;0,01;0,01;0,00;0,00;0,00;0,00
Eugenia sp1;Araça arrepiado fl. grande;Myrtaceae;0,01;0,01;0,00;0,00;0,00;0,00
Myrcia acuminata;Goiabinha casca lisa;Myrtaceae;0,01;0,01;0,00;0,00;0,00;0,00
Amaioua carymbora;Canela de veado fl. grande;Rubiaceae;0,01;0,01;0,00;0,00;0,00;0,00
Mouriri gratissima;Mouriri fruto grande;Melastomataceae;0,01;0,01;0,00;0,00;0,00;0,00
Helicostylis sp;Muiratinga fl. grande;Moraceae;0,01;0,01;0,00;0,00;0,00;0,00
Trichilia sp2;Trichilia;Meliaceae;0,01;0,01;0,00;0,00;0,00;0,00
Helicostilys scabra;Muiratinga fl. áspera;Moraceae;0,01;0,01;0,00;0,00;0,00;0,00
Chrysophyllum sanguinolentum;Ucuquirana;Sapotaceae;0,01;0,01;0,00;0,00;0,00;0,00
Myrciaria silvatica;Murtinha;Myrtaceae;0,01;0,01;0,00;0,00;0,00;0,00
Ocotea sp7;Louro verticilado;Lauraceae;0,01;0,01;0,00;0,00;0,00;0,00
Inga coriacea;Ingá duro;Mimosaceae;0,01;0,01;0,00;0,00;0,00;0,00
Guarea sp1;Guarea fl. grande peluda;Meliaceae;0,01;0,01;0,00;0,00;0,00;0,00
Ocotea sp3;Louro puchurim;Lauraceae;0,01;0,01;0,00;0,00;0,00;0,00
Anaxagorea brevipes;Envira;Annonaceae;0,01;0,01;0,00;0,00;0,00;0,00
Myrciaria sp1;Goiaba de anta fl. peluda;Myrtaceae;0,01;0,01;0,00;0,00;0,00;0,00
Ferdinandusa elipitica;Bacabinha quina;Rubiaceae;0,01;0,01;0,00;0,00;0,00;0,00
Gustavia augusta;Geniparana;Lecythidaceae;0,01;0,01;0,00;0,00;0,00;0,00
Mabea sp;Seringaí fl. miúda;Euphorbiaceae;0,01;0,01;0,00;0,00;0,00;0,00
Duroia sp2;Puruí fl. peluda;Rubiaceae;0,01;0,01;0,00;0,00;0,00;0,00
Mouriri sp2;Miraúba fruto branco;Melastomataceae;0,01;0,01;0,00;0,00;0,00;0,00
Guatteria sp2;Envira preta chorona;Annonaceae;0,01;0,00;0,00;0,00;0,00;0,00
Pourouma melinonii;Mapatirana fl. áspera;Cecropiaceae;0,01;0,00;0,00;0,00;0,00;0,00
Pourouma guianensis ssp guianensis;Imbaubarana sem cheiro;Cecropiaceae;0,01;0,00;0,00;0,00;0,00;0,00
Eugenia sp5;Goiabinha casca fina;Myrtaceae;0,01;0,00;0,00;0,00;0,00;0,00
Franchetella anibifolia;Abiu vermelho fl. composta;Sapotaceae;0,00;0,00;0,01;0,01;0,01;0,49
Pachira aquatica;Mamorana da várzea;Bombacaceae;0,00;0,00;0,00;0,00;0,00;0,49
Licania macrophylla;Anoirá;Chrysobalanaceae;0,00;0,00;0,00;0,00;0,00;0,49
Inga velutina;Ingá peludo;Mimosaceae;0,00;0,00;0,00;0,00;0,00;0,49
Copaifera duckei;Copaíba;Caesalpiniaceae;0,00;0,00;0,00;0,00;0,00;0,49
Aspidosperma marcgravianum;Carapanaúba preta;Apocynaceae;0,00;0,00;0,00;0,00;0,00;0,49
Thyrsodium spruceanum;Breu de leite;Anacardiaceae;0,00;0,00;0,00;0,00;0,00;0,49
Iryanthera paraensis;Ucuubarana do igapó;Myristicaceae;0,00;0,00;0,00;0,00;0,00;0,49
Buchenavia sp;Cuiarana;Combretaceae;0,00;0,00;0,03;0,00;0,04;0,00
Parkia sp;Fava fl. miúda;Mimosaceae;0,00;0,00;0,03;0,00;0,04;0,00
Chrysophyllum eximium;Abiu pitaíca;Sapotaceae;0,00;0,00;0,02;0,03;0,02;0,00
Enterolobium paniculatum;Faveira;Mimosaceae;0,00;0,00;0,02;0,00;0,03;0,00
Vantanea sp;Axuá grande;Humiriaceae;0,00;0,00;0,02;0,00;0,02;0,00
Brosimum acutifolium ssp interjectum;Mururé amarelo;Moraceae;0,00;0,00;0,02;0,00;0,02;0,00
Couratari sp1;Tauari sapopema;Lecythidaceae;0,00;0,00;0,02;0,00;0,02;0,00
Licaria sp1;Aritú preciosa;Lauraceae;0,00;0,00;0,02;0,00;0,02;0,00
Vantanea macrocarpa;Parurú escamoso;Humiriaceae;0,00;0,00;0,02;0,00;0,02;0,00
Apuleia molaris;Amarelão;Fabaceae;0,00;0,00;0,01;0,00;0,01;0,00
Guatteria sp1;Envira fl. miúda;Annonaceae;0,00;0,00;0,01;0,00;0,01;0,00
Malouetia sp;Tucajá grande;Apocynaceae;0,00;0,00;0,01;0,00;0,01;0,00
Ficus paraensis;Ficus;Moraceae;0,00;0,00;0,00;0,01;0,01;0,00
Lecythis alutacea;Jarana vermelha;Lecythidaceae;0,00;0,00;0,01;0,00;0,01;0,00
Pseudopiptadenia psylostachya;Timborana fl. miuda;Mimosaceae;0,00;0,00;0,01;0,00;0,01;0,00
Couma macrophylla;Sorva;Apocynaceae;0,00;0,00;0,01;0,00;0,01;0,00
Quararibea sp;Inajarana cascudo;Bombacaceae;0,00;0,00;0,01;0,00;0,01;0,00
Virola sp5;Ucuúba arurá;Myristicaceae;0,00;0,00;0,01;0,00;0,01;0,00
Eugenia sp3;Pau canelado;Myrtaceae;0,00;0,00;0,00;0,00;0,00;0,00
Ocotea silvae;Abacatinho;Lauraceae;0,00;0,00;0,00;0,00;0,00;0,00
Ocotea cymbarum;Louro inamuí;Lauraceae;0,00;0,00;0,00;0,00;0,00;0,00
Casearia negrensis;Matacaladorana fl. preta;Flacourtiaceae;0,00;0,00;0,00;0,00;0,00;0,00
Hirtella guianense;Cariperana  ;Chrysobalanaceae;0,00;0,00;0,00;0,00;0,00;0,00
Ormosia sp3;Pele de onça;Fabaceae;0,00;0,00;0,00;0,00;0,00;0,00
Trichilia sp1;Trichilia fl. grande;Meliaceae;0,00;0,00;0,00;0,00;0,00;0,00
Inga lateriflora;Ingá de sangue ;Mimosaceae;0,00;0,00;0,00;0,00;0,00;0,00
Pouteria bilocularis;Abiu fl. comprida;Sapotaceae;0,00;0,00;0,00;0,00;0,00;0,00
Ocotea sp4;Louro preto fl. média;Lauraceae;0,00;0,00;0,00;0,00;0,00;0,00
Mollia lepidota;Molia;Tiliaceae;0,00;0,00;0,00;0,00;0,00;0,00
Eugenia coffeifolia;Murta café;Myrtaceae;0,00;0,00;0,00;0,00;0,00;0,00
Mouriri sp3;Mirauba casca arrepida;Melastomataceae;0,00;0,00;0,00;0,00;0,00;0,00
Roupala sp;Carne de vaca assada;Proteaceae;0,00;0,00;0,00;0,00;0,00;0,00
Licania aritum;Caripé;Chrysobalanaceae;0,00;0,00;0,00;0,00;0,00;0,00
Bocageopsis caloneura;Pau velho;Annonaceae;0,00;0,00;0,00;0,00;0,00;0,00
Licania apetala;Caripé duro;Chrysobalanaceae;0,00;0,00;0,00;0,00;0,00;0,00
Miconia sp2;Sapateira grande;Melastomataceae;0,00;0,00;0,00;0,00;0,00;0,00
Virola caducifolia;Ucuúba fl. comprida;Myristicaceae;0,00;0,00;0,00;0,00;0,00;0,00
Eugenia sp10;Eugenia escamosa;Myrtaceae;0,00;0,00;0,00;0,00;0,00;0,00
Guatteria sp4;Envira surucucú fl. grande;Annonaceae;0,00;0,00;0,00;0,00;0,00;0,00
Xylopia sp;Envira surucucú fl. média;Annonaceae;0,00;0,00;0,00;0,00;0,00;0,00
Hymenaea sp;Jutaí fruto médio;Caesalpiniaceae;0,00;0,00;0,00;0,00;0,00;0,00
Albizia decandra;Paricarana ferro;Mimosaceae;0,00;0,00;0,00;0,00;0,00;0,00
Ecclinusa sp;Balatinha branca;Sapotaceae;0,00;0,00;0,00;0,00;0,00;0,00
Neoraputea sp;Tamanqueira trifoliolada;Rutaceae;0,00;0,00;0,00;0,00;0,00;0,00
Pithecellobium saman;Bordão de velho;Mimosaceae;0,00;0,00;0,00;0,00;0,00;0,00
Mouriri acutiflora;Miraúba;Melastomataceae;0,00;0,00;0,00;0,00;0,00;0,00
Siparuna sp1;Capitiú fl. grande;Monimiaceae;0,00;0,00;0,00;0,00;0,00;0,00
Mouriri sp1;Miraúba fl. pequena;Melastomataceae;0,00;0,00;0,00;0,00;0,00;0,00
Myrtiluma sp1;Abiu farinha seca vermelho;Sapotaceae;0,00;0,00;0,00;0,00;0,00;0,00
Neea sp1;João mole casca escura;Nyctaginaceae;0,00;0,00;0,00;0,00;0,00;0,00
Eugenia polystachya;Goiabinha da mata;Myrtaceae;0,00;0,00;0,00;0,00;0,00;0,00
Eriotheca longipendula;Mamorana da terra firme;Bombacaceae;0,00;0,00;0,00;0,00;0,00;0,00
Ilex sp;Verdinho;Aquifoliaceae;0,00;0,00;0,00;0,00;0,00;0,00
Protium sp6;Folha seca verdadeira;Burseraceae;0,00;0,00;0,00;0,00;0,00;0,00
Myrtiluma sp3;Abiurana casca seca fl. miúda;Sapotaceae;0,00;0,00;0,00;0,00;0,00;0,00
Aptandra sp;Muirapuama amarela;Olacaceae;0,00;0,00;0,00;0,00;0,00;0,00
Platimyscium trinitatis;Macacaúba;Fabaceae;0,00;0,00;0,00;0,00;0,00;0,00
Joannesia heveoides;Castanha de arara;Euphorbiaceae;0,00;0,00;0,00;0,00;0,00;0,00
Coussarea ovalis;Caferana;Rubiaceae;0,00;0,00;0,00;0,00;0,00;0,00
Inga cayennensis;Ingá;Mimosaceae;0,00;0,00;0,00;0,00;0,00;0,00
Ouratea discophora;Pau de cobra;Ochnaceae;0,00;0,00;0,00;0,00;0,00;0,00
Tovomita brevistaminea;Mangueirana da terra firme;Clusiaceae;0,00;0,00;0,00;0,00;0,00;0,00
Tapirira myriantha;Tatapiririca da mata;Anacardiaceae;0,00;0,00;0,00;0,00;0,00;0,00
Cecropia concolor;Imbaúba fl. prateada;Cecropiaceae;0,00;0,00;0,00;0,00;0,00;0,00
Cathedra sp;Catedra;Olacaceae;0,00;0,00;0,00;0,00;0,00;0,00
Allophyllus sp;Tarumarana;Sapindaceae;0,00;0,00;0,00;0,00;0,00;0,00
Inga falcistipula;Ingá estípula;Mimosaceae;0,00;0,00;0,00;0,00;0,00;0,00
Inga sp2;Ingá verde;Mimosaceae;0,00;0,00;0,00;0,00;0,00;0,00
Guarea sp2;Jataúba fl. miúda;Meliaceae;0,00;0,00;0,00;0,00;0,00;0,00
Inga sp1;Ingá fl. média;Mimosaceae;0,00;0,00;0,00;0,00;0,00;0,00
Pouteria sp13;Abiu fl. fina;Sapotaceae;0,00;0,00;0,00;0,00;0,00;0,00
Erythroxylum amplum;Cocarana da mata;Erythoxylaceae;0,00;0,00;0,00;0,00;0,00;0,00
Andira sp;Andira uxí casca amarela;Fabaceae;0,00;0,00;0,00;0,00;0,00;0,00
Maquira sp1;Muiratinga da mata;Moraceae;0,00;0,00;0,00;0,00;0,00;0,00
Matayba sp2;Pitombarana de jacú;Sapindaceae;0,00;0,00;0,00;0,00;0,00;0,00
Pouteria trichopoda;Abiu fl. peluda;Sapotaceae;0,00;0,00;0,00;0,00;0,00;0,00
Licania bracteata;Cariperana;Chrysobalanaceae;0,00;0,00;0,00;0,00;0,00;0,00
Sorocea sp;Espinheira santa;Moraceae;0,00;0,00;0,00;0,00;0,00;0,00
Myrcia omissa;Murta;Myrtaceae;0,00;0,00;0,00;0,00;0,00;0,00
Brosimum sp1;Amapá doce fl. grande;Moraceae;0,00;0,00;0,00;0,00;0,00;0,00
Guarea kunthiana;Andirobarana preta;Meliaceae;0,00;0,00;0,00;0,00;0,00;0,00
Chrysophyllum sp2;Abiu seringarana;Sapotaceae;0,00;0,00;0,00;0,00;0,00;0,00
Xylopia polyantha;Xilopia;Annonaceae;0,00;0,00;0,00;0,00;0,00;0,00
Licania sp6;Achuá fl. média;Chrysobalanaceae;0,00;0,00;0,00;0,00;0,00;0,00
Prieurella sessilifolia;Abiu seco amarelo;Sapotaceae;0,00;0,00;0,00;0,00;0,00;0,00
Endlicheria bracteata;Louro;Lauraceae;0,00;0,00;0,00;0,00;0,00;0,00
Helicostylis scaber;Muiratinga ;Moraceae;0,00;0,00;0,00;0,00;0,00;0,00
Vochysia obscura;Quaruba;Vochysiaceae;0,00;0,00;0,00;0,00;0,00;0,00
Inga bourgoni;Ingá peludo;Mimosaceae;0,00;0,00;0,00;0,00;0,00;0,00
Virola sp3;Ucuúba vermelha fl. peluda;Myristicaceae;0,00;0,00;0,00;0,00;0,00;0,00
Nectandra amazonum;Louro tambaqui;Lauraceae;0,00;0,00;0,00;0,00;0,00;0,00
Porocystis toulicioides;Espetorana fl. grande;Sapindaceae;0,00;0,00;0,00;0,00;0,00;0,00
Lacistema pubescens;Cumê de pombo fl. grande;Lacistemaceae;0,00;0,00;0,00;0,00;0,00;0,00
Sapium sp;Sapium;Euphorbiaceae;0,00;0,00;0,00;0,00;0,00;0,00
Pogonophora schumburgkiana;Araçá puri;Euphorbiaceae;0,00;0,00;0,00;0,00;0,00;0,00
Mabea nitida;Seringaí da várzea;Euphorbiaceae;0,00;0,00;0,00;0,00;0,00;0,00
Hymenolobium pulcherrimum;Angelim pedra fl. peluda;Fabaceae;0,00;0,00;0,00;0,00;0,00;0,00
Enterolobium pulcherrimum;Orelha de negro;Mimosaceae;0,00;0,00;0,00;0,00;0,00;0,00
Micropholis granulosis;Microfolis;Sapotaceae;0,00;0,00;0,00;0,00;0,00;0,00
Myrcia silvatica;Casca preta macia;Myrtaceae;0,00;0,00;0,00;0,00;0,00;0,00
Pourouma sp1;Imbaubarana fl. peluda;Cecropiaceae;0,00;0,00;0,00;0,00;0,00;0,00
Sapium glandulifera;Burra leitera;Euphorbiaceae;0,00;0,00;0,00;0,00;0,00;0,00
Swartzia sp2;Gombeira fl. média;Fabaceae;0,00;0,00;0,00;0,00;0,00;0,00
Lacunaria sp;Papo de mutúm fl. média;Quiinaceae;0,00;0,00;0,00;0,00;0,00;0,00
Myrtiluma sp2;Abiurana casca seca fl. grande;Sapotaceae;0,00;0,00;0,00;0,00;0,00;0,00
Protium sp5;Breu vermelho fl. miúda;Burseraceae;0,00;0,00;0,00;0,00;0,00;0,00
Casearia sp2;Casearia fl. lisa;Flacourtiaceae;0,00;0,00;0,00;0,00;0,00;0,00
Peltogyne venulosa;Mulateiro;Caesalpiniaceae;0,00;0,00;0,00;0,00;0,00;0,00
Marmieria oblaticula;Myrtacea casca lisa;Myrtaceae;0,00;0,00;0,00;0,00;0,00;0,00
Amphyrrhox sp.;Roque branco;Violaceae;0,00;0,00;0,00;0,00;0,00;0,00
Guatteria pichinastera;Envira branca peluda;Annonaceae;0,00;0,00;0,00;0,00;0,00;0,00
Ocotea sp6;Louro pitiú;Lauraceae;0,00;0,00;0,00;0,00;0,00;0,00
Cibianthus sp;Cibiantus;Myrsinaceae;0,00;0,00;0,00;0,00;0,00;0,00
Cheiloclinium cognatum;Cipó gogó de guariba;Hippocrateaceae;0,00;0,00;0,00;0,00;0,00;0,00
Hirtella sp1;Cariperana de formiga;Chrysobalanaceae;0,00;0,00;0,00;0,00;0,00;0,00
Myrciaria sp3;Goiabinha casca fina;Myrtaceae;0,00;0,00;0,00;0,00;0,00;0,00
Pouteria cupulata;Goiabarana fl. grande;Sapotaceae;0,00;0,00;0,00;0,00;0,00;0,00
Swartzia laurifolia;Pacapeuá;Fabaceae;0,00;0,00;0,00;0,00;0,00;0,00
Nectandra sp;Louro preto fl. comprida;Lauraceae;0,00;0,00;0,00;0,00;0,00;0,00
Oenocarpus minor;Bacabi;Arecaceae;0,00;0,00;0,00;0,00;0,00;0,00
Zanthoxylum sp;Amarelinho;Rutaceae;0,00;0,00;0,00;0,00;0,00;0,00
Pourouma digitata;Imbaúbarana da mata;Cecropiaceae;0,00;0,00;0,00;0,00;0,00;0,00
Pouteria virescens;Abiurana leite amarelo;Sapotaceae;0,00;0,00;0,00;0,00;0,00;0,00
Rollinia sp;Envira fl. larga;Annonaceae;0,00;0,00;0,00;0,00;0,00;0,00
Socratea exorrhiza;Pachiúba;Arecaceae;0,00;0,00;0,00;0,00;0,00;0,00
Maprounea guianensis;Caxixá;Euphorbiaceae;0,00;0,00;0,00;0,00;0,00;0,00
Micropholis sp1;Abiurana;Sapotaceae;0,00;0,00;0,00;0,00;0,00;0,00
Rhynchospora sp.;Buchichú;Melastomataceae;0,00;0,00;0,00;0,00;0,00;0,00
Tachigali glauca;Tachi vara;Caesalpiniaceae;0,00;0,00;0,00;0,00;0,00;0,00
Talisia sp2;Pitomba peluda;Sapindaceae;0,00;0,00;0,00;0,00;0,00;0,00
